-- phpMyAdmin SQL Dump
-- version 5.1.1
-- https://www.phpmyadmin.net/
--
-- Хост: localhost
-- Время создания: Июн 10 2022 г., 17:08
-- Версия сервера: 5.7.37-0ubuntu0.18.04.1
-- Версия PHP: 7.3.33-1+ubuntu18.04.1+deb.sury.org+1

SET SQL_MODE = "NO_AUTO_VALUE_ON_ZERO";
START TRANSACTION;
SET time_zone = "+00:00";


/*!40101 SET @OLD_CHARACTER_SET_CLIENT=@@CHARACTER_SET_CLIENT */;
/*!40101 SET @OLD_CHARACTER_SET_RESULTS=@@CHARACTER_SET_RESULTS */;
/*!40101 SET @OLD_COLLATION_CONNECTION=@@COLLATION_CONNECTION */;
/*!40101 SET NAMES utf8mb4 */;

--
-- База данных: `trackx`
--

-- --------------------------------------------------------

--
-- Структура таблицы `apitokens`
--

CREATE TABLE `apitokens` (
  `id` int(11) NOT NULL,
  `userId` int(11) NOT NULL,
  `token` varchar(32) NOT NULL,
  `createdTime` timestamp NOT NULL DEFAULT CURRENT_TIMESTAMP ON UPDATE CURRENT_TIMESTAMP
) ENGINE=InnoDB DEFAULT CHARSET=utf8;

--
-- Дамп данных таблицы `apitokens`
--

INSERT INTO `apitokens` (`id`, `userId`, `token`, `createdTime`) VALUES
(1, 1, '52fdfc072182654f163f5f0f9a621d72', '2022-05-25 15:52:49'),
(10, 2, '6325253fec738dd7a9e28bf921119c16', '2022-05-25 18:56:00'),
(11, 1, '52fdfc072182654f163f5f0f9a621d72', '2022-05-27 00:01:41'),
(12, 1, '9566c74d10037c4d7bbb0407d1e2c649', '2022-05-27 00:01:46'),
(13, 1, '81855ad8681d0d86d1e91e00167939cb', '2022-05-27 00:01:48'),
(14, 1, '6694d2c422acd208a0072939487f6999', '2022-05-27 00:59:33');

-- --------------------------------------------------------

--
-- Структура таблицы `links`
--

CREATE TABLE `links` (
  `id` int(11) NOT NULL,
  `name` varchar(255) NOT NULL,
  `address` text NOT NULL,
  `displayName` varchar(255) NOT NULL DEFAULT '',
  `tags` varchar(255) NOT NULL DEFAULT '',
  `isActive` tinyint(1) NOT NULL DEFAULT '1',
  `createdTime` timestamp NOT NULL DEFAULT CURRENT_TIMESTAMP
) ENGINE=InnoDB DEFAULT CHARSET=utf8;

--
-- Дамп данных таблицы `links`
--

INSERT INTO `links` (`id`, `name`, `address`, `displayName`, `tags`, `isActive`, `createdTime`) VALUES
(1, 'YyZpYc7f', 'https://www.youtube.com/watch?v=jyD9HAKXyA8&list=TLPQMTgwNDIwMjLB_bNYHIOI6Q&index=1', 'Link For BIGTIMERUSH', '#sport', 1, '2022-04-19 12:15:44'),
(2, 'RRJgnQVi', 'https://www.youtube.com/watch?v=j2t5q6rx7AE', '', '', 1, '2022-05-01 14:34:25'),
(3, 'dZrc6Hp7', 'https://www.youtube.com/watch?v=Co0tTeuUVhU', '', '', 0, '2022-05-01 14:35:14'),
(4, 'J26vEMun', 'www.youtube.com/watch?v=akk-S4PsCoo', '', '', 1, '2022-05-01 19:37:38'),
(5, 'CqMeaQBp', 'https://www.youtube.com/watch?v=V1MK9244sE8', '', '', 0, '2022-05-01 20:00:54'),
(6, 'klickz', 'https://klic.kz', '', '', 1, '2022-05-24 11:20:23'),
(7, 'gkbzn2Zv', 'https://www.youtube.com/watch?v=Co0tTeuUVhU', '', '', 1, '2022-05-25 11:23:05'),
(8, 'Rv2ScCMA', 'https://www.youtube.com/watch?v=Co0tTeuUVhU', '', '', 0, '2022-05-25 11:24:30'),
(9, 'bP6EuE22', 'https://www.youtube.com/watch?v=koUpqQRkJis', '', '', 1, '2022-05-25 15:54:11'),
(10, 'g8G2zWBs', 'data:image/png;base64,iVBORw0KGgoAAAANSUhEUgAAAOEAAADhCAMAAAAJbSJIAAAAS1BMVEXr8PSXmpyUl5nu8/eSlZfq7/Pm6++ZnJ7KztG3u72kp6nh5uqhpKbAxMfN0dTHy87Y3OCqrrCztrnU2Ny9wMPc4eSorK61uLujpajBqlMpAAAGN0lEQVR4nO2d23qqMBBGSSYQlPPJ7vd/0g21VhSlCjPkxy/rqpddX+LMZHIgCDwej8fj8Xg8Ho/H4/F4PB6Px+PxeDwej8fj8Xg8u4N6giAMQjr/9VH0QlHSxG1bDbRZ3JRJFHyMKFHUtCdrjL5ijLHHqs3LaPeWRF1xsr2TmjKo2iprkh1LUtjU9qHdSFOldZ4Eu5SkKD7N610sTVo34e4cifLUvOJ3kYx3No7UncyremeMLXY0jhRm9uXxuw5kmu9lHCmp3vf7dqyTXShSmS4THIax2YEi5S9F0CeYDF6RihV+g+LBtcEfUP5mDJ2gsRX7KbpScFAEnqhU2tWC/UQtcBWTBWnwkSJuRF2YByekiWuTx6wNo1dQo03CJdhTQs7Tms9QV4CGHIliBGCwCY+choCDyBdmfhQj10YTWIewN0RL+8y/wmGahq6dbqETs6FSYFk/WbukmGByqGlKGfsQ6hbKMPzHLaj0CemHSCX7JAUrvwUmaU/nWmtEyLVsGqORQk2S8gtC5XxqJCYpUr9G5meoayDDLxHDyrXXCP6SbSDFWV5EEoEGyrDj6JJOsTApn6cP/MAQph1FuYig0jGMYSwSaJSG2WnjbtH8GsKkfDFDmJQvZgjTUfSGiw1xZqlULP36eEOcWNqICALlQ6m6FGiRn3x6XSq1erI4zTaSaLVBrQ+p/fg+DffW2tkQaeNCJpjiBJphD1/CMHOtdSWMRYIpUMavBHaevhVB5ikVQoJKp67dzghlwwGDkfNDmZptAKQyDcUEUc4oShp+uZY7I1N3AxkKRhqQjChTd38DcmqISrkxxMgWgunCghwaIsbjzzfoE8QklesmArUThTpRSsMc9qaD0CDCNGqoFPHDmaR9NBU5bgLUTWS4dfgAkIXFDyF3baqNyl1L3cKcEm0dR0gjOGw/mTX3m+/RFd5zIJRXNaMhUBT9hYhxfwZk1TSBb50Iek2W8RwtyqrpDsakCHURYQTbLVmsyyQj2FbCIE3EKWwtKZxjl3ewhRoDsiMzga0lZWHWhfdw/RCPoEPI1pKC2sC/henEAk57ZgpTSwr2Z8g0TXEOzj6A5RIbVvfinojh2AlSA2oKw6kFfXItMc/6WANbsl1Y3f7Guc/1hLWPK+jatcFfrE0YoA2MEWuPtR9BF79jVu1hGPQ4E6zdL9Wu//1XWNM3RW2U3rIm68OnijPLsz7OTad5lvdrsEvSEdFCQ6T7B/MsPbmAcur5BbpFhnAPmM2wrDeMvfS9ZVnphl+Sjlh0/GRXhotizb4MlxSn+zJsFlRuICeCX2ORYV9270Jx+PZRVy56Ocoemghdkigqsyq1C2tv+O/qUFi2R7XucJTWvWSEKUlh8cbHc+Ykjf0q4WYrUXdgPNmmDdxHZ7qa56MBI8kK6aMzVHKeTLwoph2OosgZYaWB9vOF3uABesFU5vFLpN1gIUNlXYv9InWlRIMc9qaolboWdETIGBQUAqnioqicBxsKGuaPItxzcPvRQOoqJSuo9Mlh4qcok/YbFFXhqESlIOauRZ85ugk41Pzbxm9QVNnmw0jJYYMJOnKstt3ToKjYaIJeFW27YVBd8R3OFZjjVv1USmqpJ3f+cqy2SBzLvoTLhLaZfKVayrww/7LjMRf9OVK0bQR9pKgFpyrRVil+3tFIfRiZOuEa+2W0Ogg49jUowgD+IBFychcpcAaTFpyO7lLgDL1jwNT7p6iVW8WvwdisXC9JQYL0A7xDqzQrVyRIojApKly/b7StFr6/QBTl7clizs8b9KLISlFcadaXIETp11ZvOQ6bgXsYvDFaveFI/JuBW6DTF4vyoYO9Qz/1clFOzU79BrT683gjRYDFyzuY03xNTg1Y9fk+Op3r5mCs/1YzM1OF9jm3xjx76pzaff8Er5jHT9fS4VMEn1xilNqKd8ODyzeLDoQCY4p7wc71v8TN/dMTEUobjQ97k/oFn3N2xs1jU1Kf2XTL+AoOfd4c/eb3uqbMh3DcM0oZcg/ju0X/LBdlDocicCltZB4BhuB861bwWXznnN/UEnuMG4Hj8ORU8qlxZmCo3T41VZwZpuknFmwjhuP+Ip9Mg8EmYt81AEE3AccLa8Do+FP6a8/QB8YnqiHR1X/gbm6bhBMJSAAAAABJRU5ErkJggg==', '', '', 0, '2022-05-25 16:03:20'),
(11, 'diRj3npR', 'https://docs.2gis.com/ru/api/search/places/overview', '', '', 1, '2022-05-26 11:55:24'),
(12, 'cGhaqHuQ', 'https://docs.2gis.com/ru/api/search/places/overviews', '', '', 0, '2022-05-26 11:58:29'),
(13, 'WW22Vvyw', 'https://www.youtube.com/watch?v=WIm1GgfRz6M', '', '', 1, '2022-05-26 13:56:31'),
(14, 'R7Zq78mP', 'https://www.youtube.com/watch?v=mk48xRzuNvA', '', '', 1, '2022-05-27 02:05:34');

-- --------------------------------------------------------

--
-- Структура таблицы `links_users`
--

CREATE TABLE `links_users` (
  `id` int(11) NOT NULL,
  `linkId` int(11) NOT NULL,
  `userId` int(11) NOT NULL,
  `role` varchar(16) NOT NULL,
  `verified` tinyint(1) NOT NULL,
  `createdTime` timestamp NOT NULL DEFAULT CURRENT_TIMESTAMP ON UPDATE CURRENT_TIMESTAMP
) ENGINE=InnoDB DEFAULT CHARSET=utf8;

--
-- Дамп данных таблицы `links_users`
--

INSERT INTO `links_users` (`id`, `linkId`, `userId`, `role`, `verified`, `createdTime`) VALUES
(1, 1, 1, 'owner', 1, '2022-05-18 13:03:58'),
(2, 2, 1, 'owner', 1, '2022-05-18 13:04:00'),
(3, 3, 1, 'owner', 1, '2022-05-18 13:04:02'),
(4, 4, 1, 'owner', 1, '2022-05-18 13:04:06'),
(5, 5, 1, 'owner', 1, '2022-05-18 13:04:09'),
(6, 6, 1, 'owner', 1, '2022-05-24 11:20:49'),
(7, 8, 1, 'owner', 1, '2022-05-25 11:24:30'),
(8, 9, 2, 'owner', 1, '2022-05-25 15:54:11'),
(9, 10, 2, 'owner', 1, '2022-05-25 16:03:20'),
(10, 11, 1, 'owner', 1, '2022-05-26 11:55:24'),
(11, 12, 1, 'owner', 1, '2022-05-26 11:58:29'),
(12, 13, 1, 'owner', 1, '2022-05-26 13:56:31'),
(13, 1, 2, 'invited', 1, '2022-05-26 14:34:14'),
(14, 1, 2, 'invited', 1, '2022-05-26 23:23:53'),
(15, 1, 1, 'invited', 1, '2022-05-26 23:31:27'),
(16, 9, 1, 'invited', 0, '2022-05-26 21:46:36'),
(17, 10, 1, 'invited', 1, '2022-05-27 07:58:52'),
(18, 1, 1, 'invited', 1, '2022-05-26 23:31:27'),
(19, 1, 1, 'invited', 1, '2022-05-27 01:59:09'),
(20, 14, 1, 'owner', 1, '2022-05-27 02:05:34');

-- --------------------------------------------------------

--
-- Структура таблицы `requests`
--

CREATE TABLE `requests` (
  `id` int(11) NOT NULL,
  `linkId` int(11) NOT NULL,
  `ip` varchar(20) NOT NULL,
  `device` text NOT NULL,
  `country` varchar(255) NOT NULL DEFAULT '',
  `region` varchar(255) NOT NULL DEFAULT '',
  `city` varchar(255) NOT NULL DEFAULT '',
  `latitude` varchar(16) NOT NULL DEFAULT '',
  `longitude` varchar(16) NOT NULL DEFAULT '',
  `zipcode` varchar(16) NOT NULL DEFAULT '',
  `timezone` varchar(16) NOT NULL DEFAULT '',
  `fullheader` text NOT NULL,
  `createdTime` timestamp NOT NULL DEFAULT CURRENT_TIMESTAMP
) ENGINE=InnoDB DEFAULT CHARSET=utf8;

--
-- Дамп данных таблицы `requests`
--

INSERT INTO `requests` (`id`, `linkId`, `ip`, `device`, `country`, `region`, `city`, `latitude`, `longitude`, `zipcode`, `timezone`, `fullheader`, `createdTime`) VALUES
(3466, 6, '149.154.161.10', 'like TwitterBot', 'United Kingdom of Great Britain and Northern Ireland', 'England', 'Lowestoft', '52.475201', '1.751590', 'NR32', '+01:00', 'Accept:text/html,application/xhtml+xml,application/xml;q=0.9,*/*;q=0.8;X-Forwarded-For:149.154.161.10;Connection:close;Accept-Encoding:deflate, gzip;User-Agent:TelegramBot (like TwitterBot);Cookie:euConsent=true; BCPermissionLevel=PERSONAL; BC_GDPR=11111; fhCookieConsent=true; gdpr-source=GB; gdpr_consent=YES; beget=begetok;Accept-Language:en-US,en;q=0.5;X-Forwarded-Proto:https;X-Real-Ip:149.154.161.10;', '2022-05-24 12:33:57'),
(3467, 6, '176.64.35.37', 'Linux; Android 11; XQ-AT51 Build/58.1.A.5.530;', 'Kazakhstan', 'Almaty', 'Almaty', '43.250000', '76.949997', '050000', '+06:00', 'X-Real-Ip:176.64.35.37;User-Agent:Mozilla/5.0 (Linux; Android 11; XQ-AT51 Build/58.1.A.5.530;) AppleWebKit/537.36 (KHTML, like Gecko) Version/4.0 Chrome/101.0.4951.61 Mobile Safari/537.36;Accept:text/html,application/xhtml+xml,application/xml;q=0.9,image/avif,image/webp,image/apng,*/*;q=0.8,application/signed-exchange;v=b3;q=0.9;Sec-Fetch-User:?1;Connection:close;Sec-Fetch-Mode:navigate;Accept-Encoding:gzip, deflate;Accept-Language:en-US,en;q=0.9,ru-RU;q=0.8,ru;q=0.7;Upgrade-Insecure-Requests:1;X-Requested-With:mark.via.gp;Sec-Fetch-Site:none;X-Forwarded-For:176.64.35.37;X-Forwarded-Proto:https;Dnt:1;Sec-Fetch-Dest:document;', '2022-05-24 12:34:18'),
(3468, 6, '37.151.235.179', 'iPhone; CPU iPhone OS 15_3_1 like Mac OS X', 'Kazakhstan', 'Nur-Sultan', 'Nur-Sultan', '51.180099', '71.445976', '020000', '+06:00', 'X-Forwarded-Proto:https;User-Agent:Mozilla/5.0 (iPhone; CPU iPhone OS 15_3_1 like Mac OS X) AppleWebKit/605.1.15 (KHTML, like Gecko) Version/15.3 Mobile/15E148 Safari/604.1;Accept-Language:ru;Accept-Encoding:gzip, deflate;X-Forwarded-For:37.151.235.179;X-Real-Ip:37.151.235.179;Connection:close;Upgrade-Insecure-Requests:1;Accept:text/html,application/xhtml+xml,application/xml;q=0.9,*/*;q=0.8;', '2022-05-24 12:53:18'),
(3469, 6, '178.90.194.124', 'Windows NT 10.0; Win64; x64', 'Kazakhstan', 'Nur-Sultan', 'Nur-Sultan', '51.180099', '71.445976', '020000', '+06:00', 'Connection:close;Upgrade-Insecure-Requests:1;Sec-Fetch-User:?1;Sec-Fetch-Dest:document;Accept-Language:ru-RU,ru;q=0.9,en-US;q=0.8,en;q=0.7;X-Forwarded-For:178.90.194.124;X-Real-Ip:178.90.194.124;Sec-Fetch-Mode:navigate;Sec-Ch-Ua-Platform:\"Windows\";Accept-Encoding:gzip, deflate, br;User-Agent:Mozilla/5.0 (Windows NT 10.0; Win64; x64) AppleWebKit/537.36 (KHTML, like Gecko) Chrome/101.0.4951.67 Safari/537.36;Sec-Fetch-Site:none;X-Forwarded-Proto:https;Sec-Ch-Ua:\" Not A;Brand\";v=\"99\", \"Chromium\";v=\"101\", \"Google Chrome\";v=\"101\";Accept:text/html,application/xhtml+xml,application/xml;q=0.9,image/avif,image/webp,image/apng,*/*;q=0.8,application/signed-exchange;v=b3;q=0.9;Sec-Ch-Ua-Mobile:?0;', '2022-05-24 12:53:21'),
(3470, 6, '5.76.34.87', 'iPhone; CPU iPhone OS 15_4_1 like Mac OS X', 'Kazakhstan', 'Nur-Sultan', 'Nur-Sultan', '51.180099', '71.445976', '020000', '+06:00', 'X-Real-Ip:5.76.34.87;Accept:text/html,application/xhtml+xml,application/xml;q=0.9,*/*;q=0.8;Accept-Language:ru;User-Agent:Mozilla/5.0 (iPhone; CPU iPhone OS 15_4_1 like Mac OS X) AppleWebKit/605.1.15 (KHTML, like Gecko) Version/15.4 Mobile/15E148 Safari/604.1;Accept-Encoding:gzip, deflate;X-Forwarded-For:5.76.34.87;X-Forwarded-Proto:https;Connection:close;Upgrade-Insecure-Requests:1;', '2022-05-24 12:53:52'),
(3471, 6, '5.76.53.254', 'iPhone; CPU iPhone OS 15_4_1 like Mac OS X', 'Kazakhstan', 'Nur-Sultan', 'Nur-Sultan', '51.180099', '71.445976', '020000', '+06:00', 'X-Forwarded-For:5.76.53.254;Accept:text/html,application/xhtml+xml,application/xml;q=0.9,*/*;q=0.8;User-Agent:Mozilla/5.0 (iPhone; CPU iPhone OS 15_4_1 like Mac OS X) AppleWebKit/605.1.15 (KHTML, like Gecko) Version/15.4 Mobile/15E148 Safari/604.1;X-Forwarded-Proto:https;X-Real-Ip:5.76.53.254;Connection:close;Upgrade-Insecure-Requests:1;Accept-Language:en-US,en;q=0.9;Accept-Encoding:gzip, deflate;', '2022-05-24 12:54:23'),
(3472, 6, '37.150.187.108', 'iPhone; CPU iPhone OS 15_4_1 like Mac OS X', 'Kazakhstan', 'Nur-Sultan', 'Nur-Sultan', '51.180099', '71.445976', '020000', '+06:00', 'Accept:text/html,application/xhtml+xml,application/xml;q=0.9,*/*;q=0.8;X-Forwarded-Proto:https;X-Real-Ip:37.150.187.108;Upgrade-Insecure-Requests:1;User-Agent:Mozilla/5.0 (iPhone; CPU iPhone OS 15_4_1 like Mac OS X) AppleWebKit/605.1.15 (KHTML, like Gecko) Version/15.4 Mobile/15E148 Safari/604.1;Accept-Language:en-GB,en-US;q=0.9,en;q=0.8;Accept-Encoding:gzip, deflate;X-Forwarded-For:37.150.187.108;Connection:close;', '2022-05-24 12:54:26'),
(3473, 6, '85.159.27.200', 'iPhone; CPU iPhone OS 15_4 like Mac OS X', 'Kazakhstan', 'Nur-Sultan', 'Nur-Sultan', '51.180099', '71.445976', '020000', '+06:00', 'Accept:text/html,application/xhtml+xml,application/xml;q=0.9,*/*;q=0.8;User-Agent:Mozilla/5.0 (iPhone; CPU iPhone OS 15_4 like Mac OS X) AppleWebKit/605.1.15 (KHTML, like Gecko) Version/15.4 Mobile/15E148 Safari/604.1;X-Forwarded-For:85.159.27.200;X-Forwarded-Proto:https;X-Real-Ip:85.159.27.200;Connection:close;Upgrade-Insecure-Requests:1;Accept-Language:en-GB,en-US;q=0.9,en;q=0.8;Accept-Encoding:gzip, deflate;', '2022-05-24 12:54:34'),
(3474, 6, '85.117.126.196', 'Linux; Android 11; GM1910', 'Kazakhstan', 'Soltustik Qazaqstan oblysy', 'Kokshetau', '53.277500', '69.388329', '-', '+06:00', 'Save-Data:on;User-Agent:Mozilla/5.0 (Linux; Android 11; GM1910) AppleWebKit/537.36 (KHTML, like Gecko) Chrome/87.0.4280.141 Mobile Safari/537.36;Sec-Fetch-Site:none;X-Forwarded-For:85.117.126.196;Upgrade-Insecure-Requests:1;Accept-Encoding:gzip, deflate, br;X-Forwarded-Proto:https;Sec-Fetch-Mode:navigate;Accept-Language:ru-RU,ru;q=0.9,en-US;q=0.8,en;q=0.7,kk;q=0.6;X-Real-Ip:85.117.126.196;Connection:close;Accept:text/html,application/xhtml+xml,application/xml;q=0.9,image/webp,image/apng,*/*;q=0.8,application/signed-exchange;v=b3;q=0.9;Sec-Fetch-Dest:document;', '2022-05-24 12:54:36'),
(3475, 6, '85.159.27.200', 'iPhone; CPU iPhone OS 15_4 like Mac OS X', 'Kazakhstan', 'Nur-Sultan', 'Nur-Sultan', '51.180099', '71.445976', '020000', '+06:00', 'X-Real-Ip:85.159.27.200;Accept:text/html,application/xhtml+xml,application/xml;q=0.9,*/*;q=0.8;User-Agent:Mozilla/5.0 (iPhone; CPU iPhone OS 15_4 like Mac OS X) AppleWebKit/605.1.15 (KHTML, like Gecko) Version/15.4 Mobile/15E148 Safari/604.1;Accept-Language:en-GB,en-US;q=0.9,en;q=0.8;Accept-Encoding:gzip, deflate;X-Forwarded-For:85.159.27.200;X-Forwarded-Proto:https;Connection:close;Upgrade-Insecure-Requests:1;', '2022-05-24 12:55:06'),
(3476, 6, '2.76.221.226', 'Windows NT 10.0; Win64; x64', 'Kazakhstan', 'Nur-Sultan', 'Nur-Sultan', '51.180099', '71.445976', '020000', '+06:00', 'X-Real-Ip:2.76.221.226;Sec-Ch-Ua:\" Not A;Brand\";v=\"99\", \"Chromium\";v=\"100\", \"Google Chrome\";v=\"100\";Upgrade-Insecure-Requests:1;Sec-Fetch-Site:cross-site;Sec-Fetch-Mode:navigate;Connection:close;Sec-Ch-Ua-Platform:\"Windows\";Accept-Encoding:gzip, deflate, br;X-Forwarded-For:2.76.221.226;Sec-Ch-Ua-Mobile:?0;Sec-Fetch-User:?1;X-Forwarded-Proto:https;User-Agent:Mozilla/5.0 (Windows NT 10.0; Win64; x64) AppleWebKit/537.36 (KHTML, like Gecko) Chrome/100.0.4896.88 Safari/537.36;Accept:text/html,application/xhtml+xml,application/xml;q=0.9,image/avif,image/webp,image/apng,*/*;q=0.8,application/signed-exchange;v=b3;q=0.9;Sec-Fetch-Dest:document;Accept-Language:ru-RU,ru;q=0.9,en-US;q=0.8,en;q=0.7,kk;q=0.6;', '2022-05-24 12:55:27'),
(3477, 6, '109.201.55.93', 'iPhone; CPU iPhone OS 13_5_1 like Mac OS X', 'Kazakhstan', 'Nur-Sultan', 'Nur-Sultan', '51.180099', '71.445976', '020000', '+06:00', 'X-Real-Ip:109.201.55.93;User-Agent:Mozilla/5.0 (iPhone; CPU iPhone OS 13_5_1 like Mac OS X) AppleWebKit/605.1.15 (KHTML, like Gecko) Version/13.1.1 Mobile/15E148 Safari/604.1;Upgrade-Insecure-Requests:1;Accept:text/html,application/xhtml+xml,application/xml;q=0.9,*/*;q=0.8;Accept-Language:ru;Accept-Encoding:gzip, deflate;X-Forwarded-For:109.201.55.93;X-Forwarded-Proto:https;Connection:close;', '2022-05-24 12:57:33'),
(3478, 6, '178.91.242.57', 'Linux; Android 12; M2101K9AG', 'Kazakhstan', 'Nur-Sultan', 'Nur-Sultan', '51.180099', '71.445976', '020000', '+06:00', 'X-Real-Ip:178.91.242.57;Sec-Fetch-Mode:navigate;Sec-Fetch-Site:none;Sec-Ch-Ua-Mobile:?1;Sec-Ch-Ua-Platform:\"Android\";Accept-Language:en-GB,en-US;q=0.9,en;q=0.8,ru;q=0.7;Connection:close;User-Agent:Mozilla/5.0 (Linux; Android 12; M2101K9AG) AppleWebKit/537.36 (KHTML, like Gecko) Chrome/101.0.0.0 Mobile Safari/537.36;Accept:text/html,application/xhtml+xml,application/xml;q=0.9,image/avif,image/webp,image/apng,*/*;q=0.8,application/signed-exchange;v=b3;q=0.9;X-Forwarded-For:178.91.242.57;Sec-Fetch-Dest:document;Sec-Ch-Ua:\" Not A;Brand\";v=\"99\", \"Chromium\";v=\"101\", \"Google Chrome\";v=\"101\";Accept-Encoding:gzip, deflate, br;X-Forwarded-Proto:https;Upgrade-Insecure-Requests:1;', '2022-05-24 12:58:42'),
(3479, 6, '95.82.72.215', 'iPhone; CPU iPhone OS 15_4 like Mac OS X', 'Kazakhstan', 'Nur-Sultan', 'Nur-Sultan', '51.180099', '71.445976', '020000', '+06:00', 'X-Forwarded-For:95.82.72.215;Upgrade-Insecure-Requests:1;Accept-Language:en-GB,en-US;q=0.9,en;q=0.8;X-Forwarded-Proto:https;X-Real-Ip:95.82.72.215;Connection:close;Accept:text/html,application/xhtml+xml,application/xml;q=0.9,*/*;q=0.8;User-Agent:Mozilla/5.0 (iPhone; CPU iPhone OS 15_4 like Mac OS X) AppleWebKit/605.1.15 (KHTML, like Gecko) Version/15.4 Mobile/15E148 Safari/604.1;Accept-Encoding:gzip, deflate;', '2022-05-24 13:01:13'),
(3480, 6, '2.134.233.203', 'iPhone; CPU iPhone OS 15_4_1 like Mac OS X', 'Kazakhstan', 'Nur-Sultan', 'Nur-Sultan', '51.180099', '71.445976', '020000', '+06:00', 'X-Forwarded-For:2.134.233.203;X-Real-Ip:2.134.233.203;Upgrade-Insecure-Requests:1;Accept:text/html,application/xhtml+xml,application/xml;q=0.9,*/*;q=0.8;X-Forwarded-Proto:https;Connection:close;User-Agent:Mozilla/5.0 (iPhone; CPU iPhone OS 15_4_1 like Mac OS X) AppleWebKit/605.1.15 (KHTML, like Gecko) Version/15.4 Mobile/15E148 Safari/604.1;Accept-Language:en-GB,en-US;q=0.9,en;q=0.8;Accept-Encoding:gzip, deflate;', '2022-05-24 13:02:51'),
(3481, 6, '193.106.99.48', 'X11; Linux x86_64; rv:100.0', 'Kazakhstan', 'Nur-Sultan', 'Nur-Sultan', '51.180099', '71.445976', '020000', '+06:00', 'Accept-Language:en-US,en;q=0.5;X-Forwarded-For:193.106.99.48;X-Forwarded-Proto:https;Connection:close;Sec-Fetch-Dest:document;X-Real-Ip:193.106.99.48;User-Agent:Mozilla/5.0 (X11; Linux x86_64; rv:100.0) Gecko/20100101 Firefox/100.0;Upgrade-Insecure-Requests:1;Sec-Fetch-Mode:navigate;Sec-Fetch-Site:none;Accept:text/html,application/xhtml+xml,application/xml;q=0.9,image/avif,image/webp,*/*;q=0.8;Accept-Encoding:gzip, deflate, br;Sec-Fetch-User:?1;', '2022-05-24 13:03:13'),
(3482, 6, '95.57.247.74', 'iPhone; CPU iPhone OS 15_1_1 like Mac OS X', 'Kazakhstan', 'Almaty oblysy', 'Raimbek', '43.196011', '76.750908', '-', '+06:00', 'X-Forwarded-Proto:https;X-Real-Ip:95.57.247.74;Upgrade-Insecure-Requests:1;Accept:text/html,application/xhtml+xml,application/xml;q=0.9,*/*;q=0.8;Accept-Language:ru;Accept-Encoding:gzip, deflate;X-Forwarded-For:95.57.247.74;Connection:close;User-Agent:Mozilla/5.0 (iPhone; CPU iPhone OS 15_1_1 like Mac OS X) AppleWebKit/605.1.15 (KHTML, like Gecko) Version/15.1 Mobile/15E148 Safari/604.1;', '2022-05-24 13:12:28'),
(3483, 6, '37.99.42.59', 'Macintosh; Intel Mac OS X 10_15_7', 'Kazakhstan', 'Almaty', 'Almaty', '43.250000', '76.949997', '050000', '+06:00', 'X-Real-Ip:37.99.42.59;Connection:close;Sec-Fetch-Mode:navigate;X-Forwarded-Proto:https;User-Agent:Mozilla/5.0 (Macintosh; Intel Mac OS X 10_15_7) AppleWebKit/537.36 (KHTML, like Gecko) Chrome/100.0.4896.127 Safari/537.36;Sec-Ch-Ua-Mobile:?0;Accept-Encoding:gzip, deflate, br;Sec-Fetch-User:?1;Sec-Fetch-Dest:document;Sec-Ch-Ua:\" Not A;Brand\";v=\"99\", \"Chromium\";v=\"100\", \"Google Chrome\";v=\"100\";Accept-Language:en,ru;q=0.9,la;q=0.8,ca;q=0.7;X-Forwarded-For:37.99.42.59;Upgrade-Insecure-Requests:1;Accept:text/html,application/xhtml+xml,application/xml;q=0.9,image/avif,image/webp,image/apng,*/*;q=0.8,application/signed-exchange;v=b3;q=0.9;Sec-Fetch-Site:none;Sec-Ch-Ua-Platform:\"macOS\";', '2022-05-24 13:13:19'),
(3484, 6, '212.13.152.107', 'Linux; Android 12; SAMSUNG SM-G980F', 'Kazakhstan', 'Nur-Sultan', 'Nur-Sultan', '51.180099', '71.445976', '020000', '+06:00', 'Sec-Fetch-Site:none;Sec-Fetch-Mode:navigate;Sec-Fetch-Dest:document;X-Forwarded-For:212.13.152.107;Connection:close;Accept-Language:en-US,en;Upgrade-Insecure-Requests:1;User-Agent:Mozilla/5.0 (Linux; Android 12; SAMSUNG SM-G980F) AppleWebKit/537.36 (KHTML, like Gecko) SamsungBrowser/17.0 Chrome/96.0.4664.104 Mobile Safari/537.36;Accept:text/html,application/xhtml+xml,application/xml;q=0.9,image/avif,image/webp,image/apng,*/*;q=0.8,application/signed-exchange;v=b3;q=0.9;Accept-Encoding:gzip, deflate, br;X-Forwarded-Proto:https;X-Real-Ip:212.13.152.107;', '2022-05-24 13:15:03'),
(3485, 6, '93.171.70.213', 'Windows NT 10.0; Win64; x64', 'Kazakhstan', 'Nur-Sultan', 'Nur-Sultan', '51.180099', '71.445976', '020000', '+06:00', 'X-Forwarded-Proto:https;Upgrade-Insecure-Requests:1;Sec-Fetch-Mode:navigate;Accept-Language:ru-RU,ru;q=0.9,en-US;q=0.8,en;q=0.7;X-Real-Ip:93.171.70.213;Sec-Fetch-Dest:document;Sec-Ch-Ua:\" Not A;Brand\";v=\"99\", \"Chromium\";v=\"98\", \"Google Chrome\";v=\"98\";Accept-Encoding:gzip, deflate, br;X-Forwarded-For:93.171.70.213;User-Agent:Mozilla/5.0 (Windows NT 10.0; Win64; x64) AppleWebKit/537.36 (KHTML, like Gecko) Chrome/98.0.4758.102 Safari/537.36;Accept:text/html,application/xhtml+xml,application/xml;q=0.9,image/avif,image/webp,image/apng,*/*;q=0.8,application/signed-exchange;v=b3;q=0.9;Sec-Fetch-Site:cross-site;Sec-Fetch-User:?1;Sec-Ch-Ua-Mobile:?0;Sec-Ch-Ua-Platform:\"Windows\";Connection:close;', '2022-05-24 13:19:50'),
(3486, 6, '178.91.242.57', 'Linux; Android 12; M2101K9AG', 'Kazakhstan', 'Nur-Sultan', 'Nur-Sultan', '51.180099', '71.445976', '020000', '+06:00', 'Accept-Language:en-GB,en-US;q=0.9,en;q=0.8,ru;q=0.7;Accept:text/html,application/xhtml+xml,application/xml;q=0.9,image/avif,image/webp,image/apng,*/*;q=0.8,application/signed-exchange;v=b3;q=0.9;Sec-Fetch-Site:none;Sec-Ch-Ua:\" Not A;Brand\";v=\"99\", \"Chromium\";v=\"101\", \"Google Chrome\";v=\"101\";Sec-Ch-Ua-Mobile:?1;Sec-Ch-Ua-Platform:\"Android\";X-Forwarded-Proto:https;X-Real-Ip:178.91.242.57;Upgrade-Insecure-Requests:1;Sec-Fetch-Mode:navigate;Connection:close;Accept-Encoding:gzip, deflate, br;X-Forwarded-For:178.91.242.57;User-Agent:Mozilla/5.0 (Linux; Android 12; M2101K9AG) AppleWebKit/537.36 (KHTML, like Gecko) Chrome/101.0.0.0 Mobile Safari/537.36;Sec-Fetch-Dest:document;', '2022-05-24 13:36:34'),
(3487, 6, '95.56.51.30', 'Windows NT 10.0; Win64; x64', 'Kazakhstan', 'Nur-Sultan', 'Nur-Sultan', '51.180099', '71.445976', '020000', '+06:00', 'Upgrade-Insecure-Requests:1;Accept-Language:ru-RU,ru;q=0.9,en-US;q=0.8,en;q=0.7;X-Forwarded-For:95.56.51.30;X-Forwarded-Proto:https;Sec-Ch-Ua-Platform:\"Windows\";Sec-Fetch-Dest:document;Sec-Fetch-Site:cross-site;Sec-Fetch-Mode:navigate;X-Real-Ip:95.56.51.30;User-Agent:Mozilla/5.0 (Windows NT 10.0; Win64; x64) AppleWebKit/537.36 (KHTML, like Gecko) Chrome/101.0.4951.67 Safari/537.36;Sec-Ch-Ua-Mobile:?0;Accept:text/html,application/xhtml+xml,application/xml;q=0.9,image/avif,image/webp,image/apng,*/*;q=0.8,application/signed-exchange;v=b3;q=0.9;Sec-Fetch-User:?1;Accept-Encoding:gzip, deflate, br;Connection:close;Sec-Ch-Ua:\" Not A;Brand\";v=\"99\", \"Chromium\";v=\"101\", \"Google Chrome\";v=\"101\";', '2022-05-24 13:37:02'),
(3488, 6, '5.76.34.87', 'iPhone; CPU iPhone OS 15_4_1 like Mac OS X', 'Kazakhstan', 'Nur-Sultan', 'Nur-Sultan', '51.180099', '71.445976', '020000', '+06:00', 'X-Forwarded-For:5.76.34.87;Upgrade-Insecure-Requests:1;Accept-Language:ru;X-Forwarded-Proto:https;X-Real-Ip:5.76.34.87;Connection:close;Accept:text/html,application/xhtml+xml,application/xml;q=0.9,*/*;q=0.8;User-Agent:Mozilla/5.0 (iPhone; CPU iPhone OS 15_4_1 like Mac OS X) AppleWebKit/605.1.15 (KHTML, like Gecko) Version/15.4 Mobile/15E148 Safari/604.1;Accept-Encoding:gzip, deflate;', '2022-05-24 13:38:52'),
(3489, 6, '195.189.71.242', 'Windows NT 10.0; Win64; x64', 'Kazakhstan', 'Qaraghandy oblysy', 'Kazakhstan', '48.516670', '66.766670', '100000', '+06:00', 'X-Forwarded-For:195.189.71.242;Accept:text/html,application/xhtml+xml,application/xml;q=0.9,image/avif,image/webp,image/apng,*/*;q=0.8,application/signed-exchange;v=b3;q=0.9;Sec-Fetch-Site:none;Sec-Fetch-User:?1;Sec-Ch-Ua-Mobile:?0;Connection:close;Upgrade-Insecure-Requests:1;User-Agent:Mozilla/5.0 (Windows NT 10.0; Win64; x64) AppleWebKit/537.36 (KHTML, like Gecko) Chrome/101.0.0.0 Safari/537.36;Sec-Ch-Ua-Platform:\"Windows\";Sec-Fetch-Mode:navigate;Accept-Encoding:gzip, deflate, br;Accept-Language:ru-RU,ru;q=0.9,en-US;q=0.8,en;q=0.7;X-Forwarded-Proto:https;X-Real-Ip:195.189.71.242;Sec-Fetch-Dest:document;Sec-Ch-Ua:\" Not A;Brand\";v=\"99\", \"Chromium\";v=\"101\", \"Google Chrome\";v=\"101\";', '2022-05-24 13:40:50'),
(3490, 6, '2.135.26.177', 'Windows NT 10.0; Win64; x64', 'Kazakhstan', 'Nur-Sultan', 'Nur-Sultan', '51.180099', '71.445976', '020000', '+06:00', 'Connection:close;Upgrade-Insecure-Requests:1;Sec-Fetch-Mode:navigate;Sec-Ch-Ua:\" Not A;Brand\";v=\"99\", \"Chromium\";v=\"101\", \"Google Chrome\";v=\"101\";Sec-Ch-Ua-Mobile:?0;X-Forwarded-For:2.135.26.177;Dnt:1;Sec-Fetch-Site:cross-site;Sec-Fetch-User:?1;Accept-Encoding:gzip, deflate, br;X-Forwarded-Proto:https;X-Real-Ip:2.135.26.177;User-Agent:Mozilla/5.0 (Windows NT 10.0; Win64; x64) AppleWebKit/537.36 (KHTML, like Gecko) Chrome/101.0.4951.67 Safari/537.36;Accept:text/html,application/xhtml+xml,application/xml;q=0.9,image/avif,image/webp,image/apng,*/*;q=0.8,application/signed-exchange;v=b3;q=0.9;Sec-Ch-Ua-Platform:\"Windows\";Sec-Fetch-Dest:document;Accept-Language:ru-KZ,ru;q=0.9,en-GB;q=0.8,en;q=0.7,ru-RU;q=0.6,en-US;q=0.5;', '2022-05-24 13:50:49'),
(3491, 6, '93.170.37.42', 'Linux; Android 11; 2109119DG', 'Kazakhstan', 'Nur-Sultan', 'Nur-Sultan', '51.180099', '71.445976', '020000', '+06:00', 'X-Forwarded-For:93.170.37.42;X-Real-Ip:93.170.37.42;User-Agent:Mozilla/5.0 (Linux; Android 11; 2109119DG) AppleWebKit/537.36 (KHTML, like Gecko) Chrome/101.0.4951.61 Mobile Safari/537.36;Accept:text/html,application/xhtml+xml,application/xml;q=0.9,image/avif,image/webp,image/apng,*/*;q=0.8,application/signed-exchange;v=b3;q=0.9;Accept-Language:ru-RU,ru;q=0.9,en-US;q=0.8,en;q=0.7;X-Forwarded-Proto:https;Sec-Fetch-Site:none;Sec-Fetch-Mode:navigate;Sec-Ch-Ua:\" Not A;Brand\";v=\"99\", \"Chromium\";v=\"101\", \"Google Chrome\";v=\"101\";Accept-Encoding:gzip, deflate, br;Connection:close;Sec-Fetch-Dest:document;Upgrade-Insecure-Requests:1;Sec-Ch-Ua-Mobile:?1;Sec-Ch-Ua-Platform:\"Android\";', '2022-05-24 13:52:03'),
(3492, 6, '95.59.187.213', 'iPhone; CPU iPhone OS 15_4_1 like Mac OS X', 'Kazakhstan', 'Nur-Sultan', 'Nur-Sultan', '51.180099', '71.445976', '020000', '+06:00', 'Accept:text/html,application/xhtml+xml,application/xml;q=0.9,*/*;q=0.8;User-Agent:Mozilla/5.0 (iPhone; CPU iPhone OS 15_4_1 like Mac OS X) AppleWebKit/605.1.15 (KHTML, like Gecko) Version/15.4 Mobile/15E148 Safari/604.1;X-Forwarded-For:95.59.187.213;X-Forwarded-Proto:https;X-Real-Ip:95.59.187.213;Upgrade-Insecure-Requests:1;Connection:close;Accept-Language:en-GB,en-US;q=0.9,en;q=0.8;Accept-Encoding:gzip, deflate;', '2022-05-24 13:53:38'),
(3493, 6, '95.82.116.111', 'Linux; Android 9; ANE-LX1', 'Kazakhstan', 'Almaty oblysy', 'Pervomayskiy', '43.373611', '76.940002', '-', '+06:00', 'Upgrade-Insecure-Requests:1;User-Agent:Mozilla/5.0 (Linux; Android 9; ANE-LX1) AppleWebKit/537.36 (KHTML, like Gecko) Chrome/101.0.4951.61 Mobile Safari/537.36;Sec-Fetch-Dest:document;Sec-Ch-Ua:\" Not A;Brand\";v=\"99\", \"Chromium\";v=\"101\", \"Google Chrome\";v=\"101\";Sec-Ch-Ua-Platform:\"Android\";Accept-Encoding:gzip, deflate, br;Connection:close;Dnt:1;Accept:text/html,application/xhtml+xml,application/xml;q=0.9,image/avif,image/webp,image/apng,*/*;q=0.8,application/signed-exchange;v=b3;q=0.9;Sec-Ch-Ua-Mobile:?1;Accept-Language:en,ru-RU;q=0.9,ru;q=0.8,en-US;q=0.7;X-Forwarded-For:95.82.116.111;X-Real-Ip:95.82.116.111;Sec-Fetch-Mode:navigate;X-Forwarded-Proto:https;Sec-Fetch-Site:none;', '2022-05-24 13:59:27'),
(3494, 6, '2.134.234.195', 'X11; Linux x86_64', 'Kazakhstan', 'Nur-Sultan', 'Nur-Sultan', '51.180099', '71.445976', '020000', '+06:00', 'X-Forwarded-For:2.134.234.195;Sec-Ch-Ua-Mobile:?0;Sec-Ch-Ua-Platform:\"Linux\";Accept-Encoding:gzip, deflate, br;Sec-Fetch-Site:none;Sec-Fetch-User:?1;Sec-Ch-Ua:\" Not A;Brand\";v=\"99\", \"Chromium\";v=\"101\", \"Google Chrome\";v=\"101\";Accept-Language:en-US,en;q=0.9;X-Forwarded-Proto:https;X-Real-Ip:2.134.234.195;Accept:text/html,application/xhtml+xml,application/xml;q=0.9,image/avif,image/webp,image/apng,*/*;q=0.8,application/signed-exchange;v=b3;q=0.9;Connection:close;Upgrade-Insecure-Requests:1;Sec-Fetch-Mode:navigate;Sec-Fetch-Dest:document;User-Agent:Mozilla/5.0 (X11; Linux x86_64) AppleWebKit/537.36 (KHTML, like Gecko) Chrome/101.0.4951.64 Safari/537.36;', '2022-05-24 14:03:50'),
(3495, 6, '85.117.119.51', 'Linux; Android 12; M2101K6G', 'Kazakhstan', 'Soltustik Qazaqstan oblysy', 'Kokshetau', '53.277500', '69.388329', '-', '+06:00', 'Accept-Encoding:gzip, deflate, br;X-Forwarded-For:85.117.119.51;Upgrade-Insecure-Requests:1;User-Agent:Mozilla/5.0 (Linux; Android 12; M2101K6G) AppleWebKit/537.36 (KHTML, like Gecko) Chrome/101.0.4951.61 Mobile Safari/537.36;Accept:text/html,application/xhtml+xml,application/xml;q=0.9,image/avif,image/webp,image/apng,*/*;q=0.8,application/signed-exchange;v=b3;q=0.9;Sec-Ch-Ua-Mobile:?1;Connection:close;Sec-Fetch-Site:none;Sec-Ch-Ua:\" Not A;Brand\";v=\"99\", \"Chromium\";v=\"101\", \"Google Chrome\";v=\"101\";Accept-Language:ru-RU,ru;q=0.9,en-US;q=0.8,en;q=0.7,kk;q=0.6;X-Real-Ip:85.117.119.51;Dnt:1;Sec-Fetch-Mode:navigate;Sec-Fetch-Dest:document;Sec-Ch-Ua-Platform:\"Android\";X-Forwarded-Proto:https;', '2022-05-24 14:09:40'),
(3496, 6, '85.159.27.200', 'Windows NT 10.0; Win64; x64', 'Kazakhstan', 'Nur-Sultan', 'Nur-Sultan', '51.180099', '71.445976', '020000', '+06:00', 'X-Forwarded-For:85.159.27.200;Sec-Fetch-Site:none;Accept-Language:en-GB,en;q=0.9,ru-RU;q=0.8,ru;q=0.7,en-US;q=0.6;X-Forwarded-Proto:https;Sec-Fetch-User:?1;Connection:close;Accept:text/html,application/xhtml+xml,application/xml;q=0.9,image/avif,image/webp,image/apng,*/*;q=0.8,application/signed-exchange;v=b3;q=0.9;Sec-Ch-Ua-Mobile:?0;Sec-Ch-Ua-Platform:\"Windows\";Accept-Encoding:gzip, deflate, br;Sec-Fetch-Dest:document;Sec-Ch-Ua:\" Not A;Brand\";v=\"99\", \"Chromium\";v=\"101\", \"Google Chrome\";v=\"101\";X-Real-Ip:85.159.27.200;Upgrade-Insecure-Requests:1;User-Agent:Mozilla/5.0 (Windows NT 10.0; Win64; x64) AppleWebKit/537.36 (KHTML, like Gecko) Chrome/101.0.0.0 Safari/537.36;Sec-Fetch-Mode:navigate;', '2022-05-24 14:16:10'),
(3497, 6, '2.133.135.91', 'iPhone; CPU iPhone OS 15_4_1 like Mac OS X', 'Kazakhstan', 'Nur-Sultan', 'Nur-Sultan', '51.180099', '71.445976', '020000', '+06:00', 'X-Forwarded-For:2.133.135.91;X-Real-Ip:2.133.135.91;Connection:close;Upgrade-Insecure-Requests:1;Accept:text/html,application/xhtml+xml,application/xml;q=0.9,*/*;q=0.8;User-Agent:Mozilla/5.0 (iPhone; CPU iPhone OS 15_4_1 like Mac OS X) AppleWebKit/605.1.15 (KHTML, like Gecko) Version/15.4 Mobile/15E148 Safari/604.1;Accept-Language:en-GB,en-US;q=0.9,en;q=0.8;Accept-Encoding:gzip, deflate;X-Forwarded-Proto:https;', '2022-05-24 14:16:39'),
(3498, 6, '85.159.27.200', 'Linux; Android 10; Redmi Note 9 Pro', 'Kazakhstan', 'Nur-Sultan', 'Nur-Sultan', '51.180099', '71.445976', '020000', '+06:00', 'Connection:close;Sec-Ch-Ua-Platform:\"Android\";X-Forwarded-For:85.159.27.200;Sec-Fetch-Site:none;Accept-Language:en-US,en;q=0.9,ru;q=0.8;User-Agent:Mozilla/5.0 (Linux; Android 10; Redmi Note 9 Pro) AppleWebKit/537.36 (KHTML, like Gecko) Chrome/101.0.4951.61 Mobile Safari/537.36;Upgrade-Insecure-Requests:1;Accept:text/html,application/xhtml+xml,application/xml;q=0.9,image/avif,image/webp,image/apng,*/*;q=0.8,application/signed-exchange;v=b3;q=0.9;Sec-Fetch-Mode:navigate;Sec-Fetch-Dest:document;Sec-Ch-Ua-Mobile:?1;Referer:android-app://org.telegram.messenger/;X-Real-Ip:85.159.27.200;Sec-Ch-Ua:\" Not A;Brand\";v=\"99\", \"Chromium\";v=\"101\", \"Google Chrome\";v=\"101\";Accept-Encoding:gzip, deflate, br;X-Forwarded-Proto:https;', '2022-05-24 14:27:06'),
(3499, 6, '178.90.7.60', 'Linux; Android 9; SAMSUNG SM-A605FN', 'Kazakhstan', 'Nur-Sultan', 'Nur-Sultan', '51.180099', '71.445976', '020000', '+06:00', 'X-Forwarded-Proto:https;Connection:close;Accept:text/html,application/xhtml+xml,application/xml;q=0.9,image/avif,image/webp,image/apng,*/*;q=0.8,application/signed-exchange;v=b3;q=0.9;Accept-Encoding:gzip, deflate, br;X-Forwarded-For:178.90.7.60;X-Real-Ip:178.90.7.60;Accept-Language:en-GB,en,en-US,en;Upgrade-Insecure-Requests:1;User-Agent:Mozilla/5.0 (Linux; Android 9; SAMSUNG SM-A605FN) AppleWebKit/537.36 (KHTML, like Gecko) SamsungBrowser/17.0 Chrome/96.0.4664.104 Mobile Safari/537.36;Sec-Fetch-Site:none;Sec-Fetch-Mode:navigate;Sec-Fetch-Dest:document;', '2022-05-24 14:29:40'),
(3500, 6, '178.90.7.60', 'Windows NT 10.0; Win64; x64', 'Kazakhstan', 'Nur-Sultan', 'Nur-Sultan', '51.180099', '71.445976', '020000', '+06:00', 'X-Forwarded-For:178.90.7.60;User-Agent:Mozilla/5.0 (Windows NT 10.0; Win64; x64) AppleWebKit/537.36 (KHTML, like Gecko) Chrome/101.0.4951.67 Safari/537.36;Sec-Ch-Ua-Platform:\"Windows\";Accept-Encoding:gzip, deflate, br;Accept-Language:ru,en;q=0.9,en-US;q=0.8,ru-RU;q=0.7;Connection:close;Sec-Fetch-Site:none;Sec-Fetch-Dest:document;Sec-Ch-Ua:\" Not A;Brand\";v=\"99\", \"Chromium\";v=\"101\", \"Google Chrome\";v=\"101\";Sec-Ch-Ua-Mobile:?0;X-Forwarded-Proto:https;X-Real-Ip:178.90.7.60;Sec-Fetch-Mode:navigate;Sec-Fetch-User:?1;Upgrade-Insecure-Requests:1;Accept:text/html,application/xhtml+xml,application/xml;q=0.9,image/avif,image/webp,image/apng,*/*;q=0.8,application/signed-exchange;v=b3;q=0.9;', '2022-05-24 14:39:23'),
(3501, 6, '2.76.104.114', 'iPhone; CPU iPhone OS 15_4_1 like Mac OS X', 'Kazakhstan', 'Nur-Sultan', 'Nur-Sultan', '51.180099', '71.445976', '020000', '+06:00', 'Connection:close;Accept:text/html,application/xhtml+xml,application/xml;q=0.9,*/*;q=0.8;Accept-Language:ru;X-Forwarded-Proto:https;X-Real-Ip:2.76.104.114;Upgrade-Insecure-Requests:1;User-Agent:Mozilla/5.0 (iPhone; CPU iPhone OS 15_4_1 like Mac OS X) AppleWebKit/605.1.15 (KHTML, like Gecko) Version/15.4 Mobile/15E148 Safari/604.1;Accept-Encoding:gzip, deflate;X-Forwarded-For:2.76.104.114;', '2022-05-24 14:52:39'),
(3502, 6, '2.76.104.114', 'iPhone; CPU iPhone OS 15_4_1 like Mac OS X', 'Kazakhstan', 'Nur-Sultan', 'Nur-Sultan', '51.180099', '71.445976', '020000', '+06:00', 'Upgrade-Insecure-Requests:1;Accept:text/html,application/xhtml+xml,application/xml;q=0.9,*/*;q=0.8;X-Forwarded-For:2.76.104.114;X-Forwarded-Proto:https;Accept-Language:ru;Accept-Encoding:gzip, deflate;X-Real-Ip:2.76.104.114;Connection:close;User-Agent:Mozilla/5.0 (iPhone; CPU iPhone OS 15_4_1 like Mac OS X) AppleWebKit/605.1.15 (KHTML, like Gecko) Version/15.4 Mobile/15E148 Safari/604.1;', '2022-05-24 14:53:06'),
(3503, 6, '2.132.85.53', 'iPhone; CPU iPhone OS 15_5 like Mac OS X', 'Kazakhstan', 'Soltustik Qazaqstan oblysy', 'Smirnovo', '54.512501', '69.422218', '-', '+06:00', 'Accept-Language:en-GB,en-US;q=0.9,en;q=0.8;X-Forwarded-For:2.132.85.53;X-Real-Ip:2.132.85.53;Upgrade-Insecure-Requests:1;Accept:text/html,application/xhtml+xml,application/xml;q=0.9,*/*;q=0.8;User-Agent:Mozilla/5.0 (iPhone; CPU iPhone OS 15_5 like Mac OS X) AppleWebKit/605.1.15 (KHTML, like Gecko) Version/15.5 Mobile/15E148 Safari/604.1;Accept-Encoding:gzip, deflate;X-Forwarded-Proto:https;Connection:close;', '2022-05-24 15:25:48'),
(3504, 6, '85.117.110.73', 'Linux; Android 6.0.1; CPH1701', 'Kazakhstan', 'Aqmola oblysy', 'Krasnoznamenskoe', '51.053059', '69.474167', '-', '+06:00', 'Sec-Fetch-Mode:navigate;Sec-Ch-Ua:\" Not A;Brand\";v=\"99\", \"Chromium\";v=\"101\", \"Google Chrome\";v=\"101\";Accept-Language:ru-RU,ru;q=0.9,en-US;q=0.8,en;q=0.7,ko;q=0.6;Connection:close;Accept:text/html,application/xhtml+xml,application/xml;q=0.9,image/avif,image/webp,image/apng,*/*;q=0.8,application/signed-exchange;v=b3;q=0.9;User-Agent:Mozilla/5.0 (Linux; Android 6.0.1; CPH1701) AppleWebKit/537.36 (KHTML, like Gecko) Chrome/101.0.4951.41 Mobile Safari/537.36;Sec-Fetch-Site:none;Sec-Ch-Ua-Mobile:?1;Sec-Ch-Ua-Platform:\"Android\";Referer:android-app://org.telegram.messenger/;Accept-Encoding:gzip, deflate, br;Upgrade-Insecure-Requests:1;X-Forwarded-Proto:https;X-Real-Ip:85.117.110.73;X-Forwarded-For:85.117.110.73;Sec-Fetch-Dest:document;', '2022-05-24 15:30:25'),
(3505, 6, '109.201.54.61', 'iPhone; CPU iPhone OS 15_4_1 like Mac OS X', 'Kazakhstan', 'Nur-Sultan', 'Nur-Sultan', '51.180099', '71.445976', '020000', '+06:00', 'Accept-Encoding:gzip, deflate;X-Real-Ip:109.201.54.61;Upgrade-Insecure-Requests:1;Connection:close;Accept:text/html,application/xhtml+xml,application/xml;q=0.9,*/*;q=0.8;User-Agent:Mozilla/5.0 (iPhone; CPU iPhone OS 15_4_1 like Mac OS X) AppleWebKit/605.1.15 (KHTML, like Gecko) Version/15.4 Mobile/15E148 Safari/604.1;Accept-Language:ru;X-Forwarded-For:109.201.54.61;X-Forwarded-Proto:https;', '2022-05-24 15:35:14'),
(3506, 6, '2.132.237.163', 'Macintosh; Intel Mac OS X 10_15_7', 'Kazakhstan', 'Nur-Sultan', 'Nur-Sultan', '51.180099', '71.445976', '020000', '+06:00', 'X-Forwarded-For:2.132.237.163;X-Real-Ip:2.132.237.163;User-Agent:Mozilla/5.0 (Macintosh; Intel Mac OS X 10_15_7) AppleWebKit/537.36 (KHTML, like Gecko) Chrome/101.0.4951.64 Safari/537.36;Sec-Fetch-Dest:document;Sec-Ch-Ua:\" Not A;Brand\";v=\"99\", \"Chromium\";v=\"101\", \"Google Chrome\";v=\"101\";Accept:text/html,application/xhtml+xml,application/xml;q=0.9,image/avif,image/webp,image/apng,*/*;q=0.8,application/signed-exchange;v=b3;q=0.9;Sec-Fetch-Site:none;Sec-Fetch-Mode:navigate;Sec-Ch-Ua-Mobile:?0;Accept-Language:en-US,en;q=0.9,ru;q=0.8;Sec-Ch-Ua-Platform:\"macOS\";Accept-Encoding:gzip, deflate, br;X-Forwarded-Proto:https;Connection:close;Upgrade-Insecure-Requests:1;Sec-Fetch-User:?1;', '2022-05-24 15:58:29'),
(3507, 6, '213.232.244.40', 'iPhone; CPU iPhone OS 14_4 like Mac OS X', 'Kazakhstan', 'Nur-Sultan', 'Nur-Sultan', '51.180099', '71.445976', '020000', '+06:00', 'Accept-Language:ru;X-Forwarded-For:213.232.244.40;X-Forwarded-Proto:https;Connection:close;Accept:text/html,application/xhtml+xml,application/xml;q=0.9,*/*;q=0.8;User-Agent:Mozilla/5.0 (iPhone; CPU iPhone OS 14_4 like Mac OS X) AppleWebKit/605.1.15 (KHTML, like Gecko) Version/14.0.3 Mobile/15E148 Safari/604.1;X-Real-Ip:213.232.244.40;Upgrade-Insecure-Requests:1;Accept-Encoding:gzip, deflate;', '2022-05-24 17:32:08'),
(3508, 6, '5.76.52.154', 'iPhone; CPU iPhone OS 15_4_1 like Mac OS X', 'Kazakhstan', 'Nur-Sultan', 'Nur-Sultan', '51.180099', '71.445976', '020000', '+06:00', 'Accept:text/html,application/xhtml+xml,application/xml;q=0.9,*/*;q=0.8;User-Agent:Mozilla/5.0 (iPhone; CPU iPhone OS 15_4_1 like Mac OS X) AppleWebKit/605.1.15 (KHTML, like Gecko) Version/15.4 Mobile/15E148 Safari/604.1;Accept-Language:ru;X-Forwarded-Proto:https;X-Real-Ip:5.76.52.154;Connection:close;Upgrade-Insecure-Requests:1;Accept-Encoding:gzip, deflate;X-Forwarded-For:5.76.52.154;', '2022-05-25 11:59:02'),
(3509, 10, '2.135.55.98', 'Windows NT 10.0; Win64; x64', 'Kazakhstan', 'Nur-Sultan', 'Nur-Sultan', '51.180099', '71.445976', '020000', '+06:00', 'X-Forwarded-For:2.135.55.98;Upgrade-Insecure-Requests:1;Accept-Encoding:gzip, deflate, br;X-Real-Ip:2.135.55.98;Sec-Ch-Ua-Mobile:?0;Dnt:1;Sec-Fetch-User:?1;Sec-Fetch-Dest:document;X-Forwarded-Proto:https;Connection:close;Sec-Fetch-Mode:navigate;Accept-Language:ru-RU,ru;q=0.9;Sec-Ch-Ua:\" Not;A Brand\";v=\"99\", \"Google Chrome\";v=\"97\", \"Chromium\";v=\"97\";Sec-Ch-Ua-Platform:\"Windows\";User-Agent:Mozilla/5.0 (Windows NT 10.0; Win64; x64) AppleWebKit/537.36 (KHTML, like Gecko) Chrome/97.0.4692.99 Safari/537.36;Accept:text/html,application/xhtml+xml,application/xml;q=0.9,image/avif,image/webp,image/apng,*/*;q=0.8,application/signed-exchange;v=b3;q=0.9;Sec-Fetch-Site:none;', '2022-05-25 16:05:04'),
(3510, 10, '2.135.55.98', 'Windows NT 10.0; Win64; x64', 'Kazakhstan', 'Nur-Sultan', 'Nur-Sultan', '51.180099', '71.445976', '020000', '+06:00', 'Sec-Fetch-User:?1;Accept-Language:ru-RU,ru;q=0.9;Upgrade-Insecure-Requests:1;User-Agent:Mozilla/5.0 (Windows NT 10.0; Win64; x64) AppleWebKit/537.36 (KHTML, like Gecko) Chrome/97.0.4692.99 Safari/537.36;Sec-Fetch-Site:none;X-Real-Ip:2.135.55.98;Sec-Fetch-Mode:navigate;Accept-Encoding:gzip, deflate, br;Accept:text/html,application/xhtml+xml,application/xml;q=0.9,image/avif,image/webp,image/apng,*/*;q=0.8,application/signed-exchange;v=b3;q=0.9;Sec-Fetch-Dest:document;Sec-Ch-Ua-Mobile:?0;Sec-Ch-Ua-Platform:\"Windows\";Sec-Ch-Ua:\" Not;A Brand\";v=\"99\", \"Google Chrome\";v=\"97\", \"Chromium\";v=\"97\";X-Forwarded-For:2.135.55.98;X-Forwarded-Proto:https;Connection:close;Dnt:1;', '2022-05-25 16:05:04'),
(3511, 10, '2.135.55.98', 'Windows NT 10.0; Win64; x64', 'Kazakhstan', 'Nur-Sultan', 'Nur-Sultan', '51.180099', '71.445976', '020000', '+06:00', 'X-Forwarded-For:2.135.55.98;X-Forwarded-Proto:https;Sec-Ch-Ua-Mobile:?0;Sec-Fetch-Dest:document;Dnt:1;Accept:text/html,application/xhtml+xml,application/xml;q=0.9,image/avif,image/webp,image/apng,*/*;q=0.8,application/signed-exchange;v=b3;q=0.9;Sec-Fetch-Site:none;X-Real-Ip:2.135.55.98;Connection:close;Sec-Ch-Ua:\" Not;A Brand\";v=\"99\", \"Google Chrome\";v=\"97\", \"Chromium\";v=\"97\";Cache-Control:max-age=0;Upgrade-Insecure-Requests:1;User-Agent:Mozilla/5.0 (Windows NT 10.0; Win64; x64) AppleWebKit/537.36 (KHTML, like Gecko) Chrome/97.0.4692.99 Safari/537.36;Accept-Language:ru-RU,ru;q=0.9;Sec-Ch-Ua-Platform:\"Windows\";Sec-Fetch-Mode:navigate;Accept-Encoding:gzip, deflate, br;', '2022-05-25 16:05:05'),
(3512, 10, '2.135.55.98', 'Windows NT 10.0; Win64; x64', 'Kazakhstan', 'Nur-Sultan', 'Nur-Sultan', '51.180099', '71.445976', '020000', '+06:00', 'Accept:text/html,application/xhtml+xml,application/xml;q=0.9,image/avif,image/webp,image/apng,*/*;q=0.8,application/signed-exchange;v=b3;q=0.9;X-Forwarded-Proto:https;Sec-Ch-Ua:\" Not;A Brand\";v=\"99\", \"Google Chrome\";v=\"97\", \"Chromium\";v=\"97\";Connection:close;Cache-Control:max-age=0;Dnt:1;User-Agent:Mozilla/5.0 (Windows NT 10.0; Win64; x64) AppleWebKit/537.36 (KHTML, like Gecko) Chrome/97.0.4692.99 Safari/537.36;Sec-Fetch-Mode:navigate;Accept-Encoding:gzip, deflate, br;X-Real-Ip:2.135.55.98;Upgrade-Insecure-Requests:1;Sec-Ch-Ua-Mobile:?0;Sec-Ch-Ua-Platform:\"Windows\";Sec-Fetch-Dest:document;Accept-Language:ru-RU,ru;q=0.9;X-Forwarded-For:2.135.55.98;Sec-Fetch-Site:none;', '2022-05-25 16:05:10'),
(3513, 10, '2.135.55.98', 'Windows NT 10.0; Win64; x64', 'Kazakhstan', 'Nur-Sultan', 'Nur-Sultan', '51.180099', '71.445976', '020000', '+06:00', 'Connection:close;Accept:text/html,application/xhtml+xml,application/xml;q=0.9,image/avif,image/webp,image/apng,*/*;q=0.8,application/signed-exchange;v=b3;q=0.9;X-Forwarded-For:2.135.55.98;X-Real-Ip:2.135.55.98;Cache-Control:max-age=0;Dnt:1;Upgrade-Insecure-Requests:1;Sec-Ch-Ua-Platform:\"Windows\";User-Agent:Mozilla/5.0 (Windows NT 10.0; Win64; x64) AppleWebKit/537.36 (KHTML, like Gecko) Chrome/97.0.4692.99 Safari/537.36;Sec-Fetch-Site:none;Sec-Fetch-Mode:navigate;Sec-Fetch-Dest:document;X-Forwarded-Proto:https;Sec-Ch-Ua:\" Not;A Brand\";v=\"99\", \"Google Chrome\";v=\"97\", \"Chromium\";v=\"97\";Sec-Ch-Ua-Mobile:?0;Accept-Encoding:gzip, deflate, br;Accept-Language:ru-RU,ru;q=0.9;', '2022-05-25 16:05:40'),
(3514, 2, '2.135.55.98', 'Windows NT 10.0; Win64; x64', 'Kazakhstan', 'Nur-Sultan', 'Nur-Sultan', '51.180099', '71.445976', '020000', '+06:00', 'X-Forwarded-For:2.135.55.98;Sec-Ch-Ua:\" Not;A Brand\";v=\"99\", \"Google Chrome\";v=\"97\", \"Chromium\";v=\"97\";User-Agent:Mozilla/5.0 (Windows NT 10.0; Win64; x64) AppleWebKit/537.36 (KHTML, like Gecko) Chrome/97.0.4692.99 Safari/537.36;Accept:text/html,application/xhtml+xml,application/xml;q=0.9,image/avif,image/webp,image/apng,*/*;q=0.8,application/signed-exchange;v=b3;q=0.9;Sec-Fetch-Site:none;Sec-Fetch-Mode:navigate;Accept-Encoding:gzip, deflate, br;Sec-Fetch-Dest:document;Sec-Ch-Ua-Mobile:?0;Upgrade-Insecure-Requests:1;Sec-Fetch-User:?1;X-Forwarded-Proto:https;X-Real-Ip:2.135.55.98;Connection:close;Sec-Ch-Ua-Platform:\"Windows\";Dnt:1;Accept-Language:ru-RU,ru;q=0.9;', '2022-05-26 10:44:58'),
(3515, 3, '2.135.55.98', 'Windows NT 10.0; Win64; x64', 'Kazakhstan', 'Nur-Sultan', 'Nur-Sultan', '51.180099', '71.445976', '020000', '+06:00', 'Sec-Fetch-Dest:document;Accept-Language:ru-RU,ru;q=0.9;X-Forwarded-Proto:https;X-Real-Ip:2.135.55.98;Connection:close;Sec-Ch-Ua-Platform:\"Windows\";Dnt:1;Accept-Encoding:gzip, deflate, br;X-Forwarded-For:2.135.55.98;Sec-Ch-Ua-Mobile:?0;Upgrade-Insecure-Requests:1;User-Agent:Mozilla/5.0 (Windows NT 10.0; Win64; x64) AppleWebKit/537.36 (KHTML, like Gecko) Chrome/97.0.4692.99 Safari/537.36;Sec-Fetch-User:?1;Sec-Ch-Ua:\" Not;A Brand\";v=\"99\", \"Google Chrome\";v=\"97\", \"Chromium\";v=\"97\";Accept:text/html,application/xhtml+xml,application/xml;q=0.9,image/avif,image/webp,image/apng,*/*;q=0.8,application/signed-exchange;v=b3;q=0.9;Sec-Fetch-Site:none;Sec-Fetch-Mode:navigate;', '2022-05-26 10:45:11'),
(3516, 4, '2.135.55.98', 'Windows NT 10.0; Win64; x64', 'Kazakhstan', 'Nur-Sultan', 'Nur-Sultan', '51.180099', '71.445976', '020000', '+06:00', 'X-Forwarded-For:2.135.55.98;Sec-Ch-Ua:\" Not;A Brand\";v=\"99\", \"Google Chrome\";v=\"97\", \"Chromium\";v=\"97\";Dnt:1;Sec-Fetch-Dest:document;X-Real-Ip:2.135.55.98;Connection:close;User-Agent:Mozilla/5.0 (Windows NT 10.0; Win64; x64) AppleWebKit/537.36 (KHTML, like Gecko) Chrome/97.0.4692.99 Safari/537.36;Accept-Language:ru-RU,ru;q=0.9;X-Forwarded-Proto:https;Sec-Ch-Ua-Platform:\"Windows\";Accept:text/html,application/xhtml+xml,application/xml;q=0.9,image/avif,image/webp,image/apng,*/*;q=0.8,application/signed-exchange;v=b3;q=0.9;Sec-Fetch-Site:none;Sec-Fetch-User:?1;Accept-Encoding:gzip, deflate, br;Sec-Ch-Ua-Mobile:?0;Upgrade-Insecure-Requests:1;Sec-Fetch-Mode:navigate;', '2022-05-26 10:45:27'),
(3517, 5, '2.135.55.98', 'Windows NT 10.0; Win64; x64', 'Kazakhstan', 'Nur-Sultan', 'Nur-Sultan', '51.180099', '71.445976', '020000', '+06:00', 'Connection:close;User-Agent:Mozilla/5.0 (Windows NT 10.0; Win64; x64) AppleWebKit/537.36 (KHTML, like Gecko) Chrome/97.0.4692.99 Safari/537.36;X-Real-Ip:2.135.55.98;Sec-Ch-Ua:\" Not;A Brand\";v=\"99\", \"Google Chrome\";v=\"97\", \"Chromium\";v=\"97\";Sec-Ch-Ua-Platform:\"Windows\";Sec-Fetch-Mode:navigate;Accept-Encoding:gzip, deflate, br;Sec-Fetch-Dest:document;X-Forwarded-For:2.135.55.98;Sec-Ch-Ua-Mobile:?0;Upgrade-Insecure-Requests:1;Accept:text/html,application/xhtml+xml,application/xml;q=0.9,image/avif,image/webp,image/apng,*/*;q=0.8,application/signed-exchange;v=b3;q=0.9;Sec-Fetch-Site:none;Sec-Fetch-User:?1;Accept-Language:ru-RU,ru;q=0.9;X-Forwarded-Proto:https;Dnt:1;', '2022-05-26 10:45:45'),
(3518, 2, '2.135.55.98', 'Windows NT 10.0; Win64; x64', 'Kazakhstan', 'Nur-Sultan', 'Nur-Sultan', '51.180099', '71.445976', '020000', '+06:00', 'Sec-Fetch-Site:none;Sec-Fetch-Mode:navigate;Sec-Fetch-User:?1;Sec-Fetch-Dest:document;Sec-Ch-Ua-Platform:\"Windows\";User-Agent:Mozilla/5.0 (Windows NT 10.0; Win64; x64) AppleWebKit/537.36 (KHTML, like Gecko) Chrome/97.0.4692.99 Safari/537.36;X-Forwarded-Proto:https;Sec-Ch-Ua-Mobile:?0;Accept-Encoding:gzip, deflate, br;Connection:close;Dnt:1;Upgrade-Insecure-Requests:1;Accept:text/html,application/xhtml+xml,application/xml;q=0.9,image/avif,image/webp,image/apng,*/*;q=0.8,application/signed-exchange;v=b3;q=0.9;Sec-Ch-Ua:\" Not;A Brand\";v=\"99\", \"Google Chrome\";v=\"97\", \"Chromium\";v=\"97\";Accept-Language:ru-RU,ru;q=0.9;X-Forwarded-For:2.135.55.98;X-Real-Ip:2.135.55.98;', '2022-05-26 13:16:33'),
(3519, 1, '2.135.55.98', 'Windows NT 10.0; Win64; x64', 'Kazakhstan', 'Nur-Sultan', 'Nur-Sultan', '51.180099', '71.445976', '020000', '+06:00', 'Sec-Ch-Ua:\" Not;A Brand\";v=\"99\", \"Google Chrome\";v=\"97\", \"Chromium\";v=\"97\";User-Agent:Mozilla/5.0 (Windows NT 10.0; Win64; x64) AppleWebKit/537.36 (KHTML, like Gecko) Chrome/97.0.4692.99 Safari/537.36;Sec-Fetch-Mode:navigate;Sec-Fetch-User:?1;Referer:http://localhost:4200/;X-Forwarded-For:2.135.55.98;X-Forwarded-Proto:https;Sec-Ch-Ua-Platform:\"Windows\";Upgrade-Insecure-Requests:1;Dnt:1;Sec-Fetch-Dest:document;Connection:close;Accept:text/html,application/xhtml+xml,application/xml;q=0.9,image/avif,image/webp,image/apng,*/*;q=0.8,application/signed-exchange;v=b3;q=0.9;Accept-Encoding:gzip, deflate, br;X-Real-Ip:2.135.55.98;Sec-Ch-Ua-Mobile:?0;Sec-Fetch-Site:cross-site;Accept-Language:ru-RU,ru;q=0.9;', '2022-05-26 13:19:04'),
(3520, 4, '2.135.55.98', 'Windows NT 10.0; Win64; x64', 'Kazakhstan', 'Nur-Sultan', 'Nur-Sultan', '51.180099', '71.445976', '020000', '+06:00', 'X-Forwarded-For:2.135.55.98;Connection:close;Upgrade-Insecure-Requests:1;Dnt:1;Sec-Fetch-User:?1;Referer:http://localhost:4200/;X-Real-Ip:2.135.55.98;Sec-Ch-Ua:\" Not;A Brand\";v=\"99\", \"Google Chrome\";v=\"97\", \"Chromium\";v=\"97\";User-Agent:Mozilla/5.0 (Windows NT 10.0; Win64; x64) AppleWebKit/537.36 (KHTML, like Gecko) Chrome/97.0.4692.99 Safari/537.36;Sec-Fetch-Site:cross-site;Sec-Fetch-Mode:navigate;Accept-Encoding:gzip, deflate, br;X-Forwarded-Proto:https;Sec-Ch-Ua-Mobile:?0;Accept:text/html,application/xhtml+xml,application/xml;q=0.9,image/avif,image/webp,image/apng,*/*;q=0.8,application/signed-exchange;v=b3;q=0.9;Sec-Ch-Ua-Platform:\"Windows\";Sec-Fetch-Dest:document;Accept-Language:ru-RU,ru;q=0.9;', '2022-05-26 13:19:23'),
(3521, 5, '2.135.55.98', 'Windows NT 10.0; Win64; x64', 'Kazakhstan', 'Nur-Sultan', 'Nur-Sultan', '51.180099', '71.445976', '020000', '+06:00', 'Accept:text/html,application/xhtml+xml,application/xml;q=0.9,image/avif,image/webp,image/apng,*/*;q=0.8,application/signed-exchange;v=b3;q=0.9;Referer:http://localhost:4200/;Accept-Encoding:gzip, deflate, br;X-Real-Ip:2.135.55.98;Sec-Fetch-User:?1;Sec-Ch-Ua-Mobile:?0;Sec-Ch-Ua:\" Not;A Brand\";v=\"99\", \"Google Chrome\";v=\"97\", \"Chromium\";v=\"97\";Sec-Ch-Ua-Platform:\"Windows\";Dnt:1;Upgrade-Insecure-Requests:1;User-Agent:Mozilla/5.0 (Windows NT 10.0; Win64; x64) AppleWebKit/537.36 (KHTML, like Gecko) Chrome/97.0.4692.99 Safari/537.36;Sec-Fetch-Site:cross-site;X-Forwarded-For:2.135.55.98;Accept-Language:ru-RU,ru;q=0.9,en-US;q=0.8,en;q=0.7;Connection:close;Sec-Fetch-Mode:navigate;Sec-Fetch-Dest:document;X-Forwarded-Proto:https;', '2022-05-26 13:20:02'),
(3522, 3, '2.135.55.98', 'Windows NT 10.0; Win64; x64', 'Kazakhstan', 'Nur-Sultan', 'Nur-Sultan', '51.180099', '71.445976', '020000', '+06:00', 'X-Forwarded-For:2.135.55.98;Sec-Fetch-Site:cross-site;X-Forwarded-Proto:https;Sec-Ch-Ua-Mobile:?0;User-Agent:Mozilla/5.0 (Windows NT 10.0; Win64; x64) AppleWebKit/537.36 (KHTML, like Gecko) Chrome/97.0.4692.99 Safari/537.36;Sec-Fetch-User:?1;Sec-Ch-Ua:\" Not;A Brand\";v=\"99\", \"Google Chrome\";v=\"97\", \"Chromium\";v=\"97\";Sec-Fetch-Mode:navigate;Sec-Fetch-Dest:document;Accept-Encoding:gzip, deflate, br;X-Real-Ip:2.135.55.98;Connection:close;Sec-Ch-Ua-Platform:\"Windows\";Dnt:1;Upgrade-Insecure-Requests:1;Accept:text/html,application/xhtml+xml,application/xml;q=0.9,image/avif,image/webp,image/apng,*/*;q=0.8,application/signed-exchange;v=b3;q=0.9;Referer:http://localhost:4200/;Accept-Language:ru-RU,ru;q=0.9,en-US;q=0.8,en;q=0.7;', '2022-05-26 13:20:33'),
(3523, 3, '2.135.55.98', 'Windows NT 10.0; Win64; x64', 'Kazakhstan', 'Nur-Sultan', 'Nur-Sultan', '51.180099', '71.445976', '020000', '+06:00', 'Connection:close;Upgrade-Insecure-Requests:1;Sec-Fetch-Mode:navigate;Sec-Fetch-Dest:document;X-Forwarded-For:2.135.55.98;X-Real-Ip:2.135.55.98;Accept-Language:ru-RU,ru;q=0.9,en-US;q=0.8,en;q=0.7;Sec-Ch-Ua:\" Not;A Brand\";v=\"99\", \"Google Chrome\";v=\"97\", \"Chromium\";v=\"97\";Sec-Ch-Ua-Platform:\"Windows\";Accept:text/html,application/xhtml+xml,application/xml;q=0.9,image/avif,image/webp,image/apng,*/*;q=0.8,application/signed-exchange;v=b3;q=0.9;Accept-Encoding:gzip, deflate, br;Sec-Ch-Ua-Mobile:?0;User-Agent:Mozilla/5.0 (Windows NT 10.0; Win64; x64) AppleWebKit/537.36 (KHTML, like Gecko) Chrome/97.0.4692.99 Safari/537.36;Referer:http://localhost:4200/;Sec-Fetch-User:?1;X-Forwarded-Proto:https;Dnt:1;Sec-Fetch-Site:cross-site;', '2022-05-26 13:21:25'),
(3524, 1, '2.135.55.98', 'Windows NT 10.0; Win64; x64', 'Kazakhstan', 'Nur-Sultan', 'Nur-Sultan', '51.180099', '71.445976', '020000', '+06:00', 'X-Forwarded-For:2.135.55.98;Sec-Ch-Ua-Platform:\"Windows\";User-Agent:Mozilla/5.0 (Windows NT 10.0; Win64; x64) AppleWebKit/537.36 (KHTML, like Gecko) Chrome/97.0.4692.99 Safari/537.36;Sec-Fetch-User:?1;X-Forwarded-Proto:https;Connection:close;Sec-Ch-Ua-Mobile:?0;Dnt:1;Sec-Fetch-Site:cross-site;Sec-Fetch-Dest:document;Accept-Encoding:gzip, deflate, br;Sec-Fetch-Mode:navigate;Referer:http://localhost:4200/;Accept-Language:ru-RU,ru;q=0.9,en-US;q=0.8,en;q=0.7;X-Real-Ip:2.135.55.98;Sec-Ch-Ua:\" Not;A Brand\";v=\"99\", \"Google Chrome\";v=\"97\", \"Chromium\";v=\"97\";Upgrade-Insecure-Requests:1;Accept:text/html,application/xhtml+xml,application/xml;q=0.9,image/avif,image/webp,image/apng,*/*;q=0.8,application/signed-exchange;v=b3;q=0.9;', '2022-05-26 15:03:05'),
(3525, 1, '217.196.26.154', 'Windows NT 10.0; Win64; x64', 'Kazakhstan', 'Nur-Sultan', 'Nur-Sultan', '51.180099', '71.445976', '020000', '+06:00', 'Sec-Ch-Ua-Platform:\"Windows\";Accept:text/html,application/xhtml+xml,application/xml;q=0.9,image/avif,image/webp,image/apng,*/*;q=0.8,application/signed-exchange;v=b3;q=0.9;Accept-Language:ru-RU,ru;q=0.9;Accept-Encoding:gzip, deflate, br;X-Forwarded-For:217.196.26.154;X-Forwarded-Proto:https;Sec-Ch-Ua:\" Not;A Brand\";v=\"99\", \"Google Chrome\";v=\"97\", \"Chromium\";v=\"97\";Upgrade-Insecure-Requests:1;Sec-Fetch-User:?1;Connection:close;Dnt:1;User-Agent:Mozilla/5.0 (Windows NT 10.0; Win64; x64) AppleWebKit/537.36 (KHTML, like Gecko) Chrome/97.0.4692.99 Safari/537.36;Sec-Fetch-Site:none;Sec-Fetch-Dest:document;X-Real-Ip:217.196.26.154;Sec-Ch-Ua-Mobile:?0;Sec-Fetch-Mode:navigate;', '2022-06-03 09:37:46'),
(3527, 2, '217.196.26.154', 'Windows NT 10.0; Win64; x64', 'Kazakhstan', 'Nur-Sultan', 'Nur-Sultan', '51.180099', '71.445976', '020000', '+06:00', 'X-Real-Ip:217.196.26.154;X-Forwarded-For:217.196.26.154;Connection:close;Dnt:1;Upgrade-Insecure-Requests:1;Accept-Language:ru-RU,ru;q=0.9;Sec-Fetch-User:?1;Accept-Encoding:gzip, deflate, br;Sec-Ch-Ua-Mobile:?0;Sec-Ch-Ua-Platform:\"Windows\";User-Agent:Mozilla/5.0 (Windows NT 10.0; Win64; x64) AppleWebKit/537.36 (KHTML, like Gecko) Chrome/97.0.4692.99 Safari/537.36;Accept:text/html,application/xhtml+xml,application/xml;q=0.9,image/avif,image/webp,image/apng,*/*;q=0.8,application/signed-exchange;v=b3;q=0.9;Sec-Fetch-Site:none;Sec-Fetch-Mode:navigate;X-Forwarded-Proto:https;Sec-Ch-Ua:\" Not;A Brand\";v=\"99\", \"Google Chrome\";v=\"97\", \"Chromium\";v=\"97\";Sec-Fetch-Dest:document;', '2022-06-03 12:39:52'),
(3528, 1, '217.196.26.154', 'Windows NT 10.0; Win64; x64', 'Kazakhstan', 'Nur-Sultan', 'Nur-Sultan', '51.180099', '71.445976', '020000', '+06:00', 'X-Forwarded-For:217.196.26.154;X-Forwarded-Proto:https;Sec-Ch-Ua:\" Not;A Brand\";v=\"99\", \"Google Chrome\";v=\"97\", \"Chromium\";v=\"97\";Sec-Fetch-Site:none;X-Real-Ip:217.196.26.154;Dnt:1;Upgrade-Insecure-Requests:1;Sec-Fetch-Dest:document;Accept-Language:ru-RU,ru;q=0.9;Connection:close;Sec-Ch-Ua-Platform:\"Windows\";User-Agent:Mozilla/5.0 (Windows NT 10.0; Win64; x64) AppleWebKit/537.36 (KHTML, like Gecko) Chrome/97.0.4692.99 Safari/537.36;Sec-Fetch-User:?1;Sec-Ch-Ua-Mobile:?0;Accept:text/html,application/xhtml+xml,application/xml;q=0.9,image/avif,image/webp,image/apng,*/*;q=0.8,application/signed-exchange;v=b3;q=0.9;Sec-Fetch-Mode:navigate;Accept-Encoding:gzip, deflate, br;', '2022-06-03 12:43:09'),
(3529, 1, '217.196.26.154', 'Windows NT 10.0; Win64; x64', 'Kazakhstan', 'Nur-Sultan', 'Nur-Sultan', '51.180099', '71.445976', '020000', '+06:00', 'X-Real-Ip:217.196.26.154;Connection:close;Sec-Fetch-User:?1;X-Forwarded-Proto:https;Upgrade-Insecure-Requests:1;Accept-Language:ru-RU,ru;q=0.9;X-Forwarded-For:217.196.26.154;Sec-Ch-Ua:\" Not;A Brand\";v=\"99\", \"Google Chrome\";v=\"97\", \"Chromium\";v=\"97\";User-Agent:Mozilla/5.0 (Windows NT 10.0; Win64; x64) AppleWebKit/537.36 (KHTML, like Gecko) Chrome/97.0.4692.99 Safari/537.36;Sec-Fetch-Mode:navigate;Sec-Fetch-Dest:document;Sec-Ch-Ua-Platform:\"Windows\";Dnt:1;Accept:text/html,application/xhtml+xml,application/xml;q=0.9,image/avif,image/webp,image/apng,*/*;q=0.8,application/signed-exchange;v=b3;q=0.9;Sec-Fetch-Site:none;Accept-Encoding:gzip, deflate, br;Sec-Ch-Ua-Mobile:?0;', '2022-06-03 12:43:35'),
(3530, 1, '217.196.26.154', 'Windows NT 10.0; Win64; x64', 'Kazakhstan', 'Nur-Sultan', 'Nur-Sultan', '51.180099', '71.445976', '020000', '+06:00', 'Sec-Ch-Ua-Platform:\"Windows\";Sec-Fetch-Site:none;Sec-Fetch-Dest:document;Connection:close;Sec-Fetch-Mode:navigate;X-Real-Ip:217.196.26.154;Sec-Ch-Ua-Mobile:?0;Dnt:1;Sec-Fetch-User:?1;Accept-Encoding:gzip, deflate, br;X-Forwarded-Proto:https;Sec-Ch-Ua:\" Not;A Brand\";v=\"99\", \"Google Chrome\";v=\"97\", \"Chromium\";v=\"97\";Upgrade-Insecure-Requests:1;User-Agent:Mozilla/5.0 (Windows NT 10.0; Win64; x64) AppleWebKit/537.36 (KHTML, like Gecko) Chrome/97.0.4692.99 Safari/537.36;Accept:text/html,application/xhtml+xml,application/xml;q=0.9,image/avif,image/webp,image/apng,*/*;q=0.8,application/signed-exchange;v=b3;q=0.9;Accept-Language:ru-RU,ru;q=0.9;X-Forwarded-For:217.196.26.154;', '2022-06-03 12:43:44');
INSERT INTO `requests` (`id`, `linkId`, `ip`, `device`, `country`, `region`, `city`, `latitude`, `longitude`, `zipcode`, `timezone`, `fullheader`, `createdTime`) VALUES
(3534, 1, '2.135.55.98', 'Windows NT 10.0; Win64; x64', 'Kazakhstan', 'Nur-Sultan', 'Nur-Sultan', '51.180099', '71.445976', '020000', '+06:00', 'User-Agent:Mozilla/5.0 (Windows NT 10.0; Win64; x64) AppleWebKit/537.36 (KHTML, like Gecko) Chrome/97.0.4692.99 Safari/537.36;Accept-Encoding:gzip, deflate, br;X-Forwarded-Proto:https;Connection:close;Dnt:1;Upgrade-Insecure-Requests:1;Accept:text/html,application/xhtml+xml,application/xml;q=0.9,image/avif,image/webp,image/apng,*/*;q=0.8,application/signed-exchange;v=b3;q=0.9;Sec-Fetch-Mode:navigate;Sec-Fetch-User:?1;Accept-Language:ru-RU,ru;q=0.9;X-Forwarded-For:2.135.55.98;Sec-Ch-Ua:\" Not;A Brand\";v=\"99\", \"Google Chrome\";v=\"97\", \"Chromium\";v=\"97\";Sec-Ch-Ua-Platform:\"Windows\";Sec-Fetch-Site:none;X-Real-Ip:2.135.55.98;Sec-Ch-Ua-Mobile:?0;Sec-Fetch-Dest:document;', '2022-06-04 15:08:41'),
(3535, 1, '2.135.55.98', 'Windows NT 10.0; Win64; x64', 'Kazakhstan', 'Nur-Sultan', 'Nur-Sultan', '51.180099', '71.445976', '020000', '+06:00', 'X-Forwarded-For:2.135.55.98;Upgrade-Insecure-Requests:1;Sec-Ch-Ua-Platform:\"Windows\";Sec-Fetch-Dest:document;Sec-Ch-Ua:\" Not;A Brand\";v=\"99\", \"Google Chrome\";v=\"97\", \"Chromium\";v=\"97\";Referer:http://localhost:4200/;Connection:close;Sec-Fetch-Site:cross-site;Sec-Fetch-Mode:navigate;Accept:text/html,application/xhtml+xml,application/xml;q=0.9,image/avif,image/webp,image/apng,*/*;q=0.8,application/signed-exchange;v=b3;q=0.9;X-Forwarded-Proto:https;User-Agent:Mozilla/5.0 (Windows NT 10.0; Win64; x64) AppleWebKit/537.36 (KHTML, like Gecko) Chrome/97.0.4692.99 Safari/537.36;Sec-Ch-Ua-Mobile:?0;Accept-Encoding:gzip, deflate, br;Accept-Language:ru-RU,ru;q=0.9;X-Real-Ip:2.135.55.98;Dnt:1;Sec-Fetch-User:?1;', '2022-06-04 15:28:44'),
(3536, 1, '2.135.55.98', 'Windows NT 10.0; Win64; x64', 'Kazakhstan', 'Nur-Sultan', 'Nur-Sultan', '51.180099', '71.445976', '020000', '+06:00', 'Sec-Fetch-User:?1;Sec-Fetch-Dest:document;Accept-Encoding:gzip, deflate, br;Accept-Language:ru-RU,ru;q=0.9;X-Real-Ip:2.135.55.98;Sec-Ch-Ua-Platform:\"Windows\";Sec-Fetch-Mode:navigate;Referer:http://localhost:4200/;Connection:close;Sec-Ch-Ua:\" Not;A Brand\";v=\"99\", \"Google Chrome\";v=\"97\", \"Chromium\";v=\"97\";Sec-Ch-Ua-Mobile:?0;Upgrade-Insecure-Requests:1;User-Agent:Mozilla/5.0 (Windows NT 10.0; Win64; x64) AppleWebKit/537.36 (KHTML, like Gecko) Chrome/97.0.4692.99 Safari/537.36;X-Forwarded-For:2.135.55.98;X-Forwarded-Proto:https;Dnt:1;Accept:text/html,application/xhtml+xml,application/xml;q=0.9,image/avif,image/webp,image/apng,*/*;q=0.8,application/signed-exchange;v=b3;q=0.9;Sec-Fetch-Site:cross-site;', '2022-06-04 15:29:02'),
(3537, 1, '2.135.55.98', 'Windows NT 10.0; Win64; x64', 'Kazakhstan', 'Nur-Sultan', 'Nur-Sultan', '51.180099', '71.445976', '020000', '+06:00', 'X-Forwarded-For:2.135.55.98;User-Agent:Mozilla/5.0 (Windows NT 10.0; Win64; x64) AppleWebKit/537.36 (KHTML, like Gecko) Chrome/97.0.4692.99 Safari/537.36;Accept:text/html,application/xhtml+xml,application/xml;q=0.9,image/avif,image/webp,image/apng,*/*;q=0.8,application/signed-exchange;v=b3;q=0.9;Referer:http://localhost:4200/;X-Forwarded-Proto:https;Sec-Fetch-Site:cross-site;Sec-Fetch-User:?1;Accept-Language:ru-RU,ru;q=0.9;Sec-Ch-Ua:\" Not;A Brand\";v=\"99\", \"Google Chrome\";v=\"97\", \"Chromium\";v=\"97\";Sec-Ch-Ua-Mobile:?0;Sec-Ch-Ua-Platform:\"Windows\";Upgrade-Insecure-Requests:1;Sec-Fetch-Mode:navigate;Sec-Fetch-Dest:document;Accept-Encoding:gzip, deflate, br;X-Real-Ip:2.135.55.98;Connection:close;Dnt:1;', '2022-06-04 15:29:48'),
(3538, 2, '2.135.55.98', 'Windows NT 10.0; Win64; x64', 'Kazakhstan', 'Nur-Sultan', 'Nur-Sultan', '51.180099', '71.445976', '020000', '+06:00', 'X-Forwarded-Proto:https;Accept-Encoding:gzip, deflate, br;Connection:close;Sec-Ch-Ua-Platform:\"Windows\";Accept:text/html,application/xhtml+xml,application/xml;q=0.9,image/avif,image/webp,image/apng,*/*;q=0.8,application/signed-exchange;v=b3;q=0.9;Sec-Fetch-User:?1;Sec-Fetch-Dest:document;Dnt:1;Upgrade-Insecure-Requests:1;User-Agent:Mozilla/5.0 (Windows NT 10.0; Win64; x64) AppleWebKit/537.36 (KHTML, like Gecko) Chrome/97.0.4692.99 Safari/537.36;Referer:http://localhost:4200/;Accept-Language:ru-RU,ru;q=0.9;X-Forwarded-For:2.135.55.98;X-Real-Ip:2.135.55.98;Sec-Ch-Ua:\" Not;A Brand\";v=\"99\", \"Google Chrome\";v=\"97\", \"Chromium\";v=\"97\";Sec-Ch-Ua-Mobile:?0;Sec-Fetch-Site:cross-site;Sec-Fetch-Mode:navigate;', '2022-06-04 15:29:53'),
(3539, 1, '217.196.26.154', 'Windows NT 10.0; Win64; x64', 'Kazakhstan', 'Nur-Sultan', 'Nur-Sultan', '51.180099', '71.445976', '020000', '+06:00', 'Sec-Ch-Ua-Platform:\"Windows\";Dnt:1;Sec-Fetch-Site:cross-site;Sec-Fetch-Dest:document;X-Forwarded-For:217.196.26.154;Sec-Fetch-Mode:navigate;Accept-Encoding:gzip, deflate, br;Upgrade-Insecure-Requests:1;User-Agent:Mozilla/5.0 (Windows NT 10.0; Win64; x64) AppleWebKit/537.36 (KHTML, like Gecko) Chrome/97.0.4692.99 Safari/537.36;X-Forwarded-Proto:https;X-Real-Ip:217.196.26.154;Connection:close;Sec-Ch-Ua-Mobile:?0;Accept-Language:ru-RU,ru;q=0.9;Sec-Ch-Ua:\" Not;A Brand\";v=\"99\", \"Google Chrome\";v=\"97\", \"Chromium\";v=\"97\";Accept:text/html,application/xhtml+xml,application/xml;q=0.9,image/avif,image/webp,image/apng,*/*;q=0.8,application/signed-exchange;v=b3;q=0.9;Sec-Fetch-User:?1;Referer:http://localhost:4200/;', '2022-06-06 07:36:43'),
(3540, 2, '217.196.26.154', 'Windows NT 10.0; Win64; x64', 'Kazakhstan', 'Nur-Sultan', 'Nur-Sultan', '51.180099', '71.445976', '020000', '+06:00', 'Sec-Ch-Ua-Mobile:?0;Sec-Ch-Ua-Platform:\"Windows\";Dnt:1;Accept-Language:ru-RU,ru;q=0.9;Connection:close;Sec-Ch-Ua:\" Not;A Brand\";v=\"99\", \"Google Chrome\";v=\"97\", \"Chromium\";v=\"97\";User-Agent:Mozilla/5.0 (Windows NT 10.0; Win64; x64) AppleWebKit/537.36 (KHTML, like Gecko) Chrome/97.0.4692.99 Safari/537.36;Sec-Fetch-Site:cross-site;Referer:http://localhost:4200/;X-Real-Ip:217.196.26.154;Sec-Fetch-User:?1;Upgrade-Insecure-Requests:1;Accept:text/html,application/xhtml+xml,application/xml;q=0.9,image/avif,image/webp,image/apng,*/*;q=0.8,application/signed-exchange;v=b3;q=0.9;Sec-Fetch-Mode:navigate;Sec-Fetch-Dest:document;Accept-Encoding:gzip, deflate, br;X-Forwarded-For:217.196.26.154;X-Forwarded-Proto:https;', '2022-06-06 07:36:53'),
(3541, 1, '217.196.26.154', 'Windows NT 10.0; Win64; x64', 'Kazakhstan', 'Nur-Sultan', 'Nur-Sultan', '51.180099', '71.445976', '020000', '+06:00', 'Sec-Ch-Ua:\" Not;A Brand\";v=\"99\", \"Google Chrome\";v=\"97\", \"Chromium\";v=\"97\";Sec-Ch-Ua-Mobile:?0;Dnt:1;Upgrade-Insecure-Requests:1;Sec-Fetch-User:?1;Referer:http://localhost:4200/;X-Forwarded-For:217.196.26.154;Connection:close;Sec-Fetch-Site:cross-site;Sec-Fetch-Dest:document;X-Forwarded-Proto:https;Sec-Ch-Ua-Platform:\"Windows\";Sec-Fetch-Mode:navigate;Accept-Encoding:gzip, deflate, br;Accept-Language:ru-RU,ru;q=0.9;X-Real-Ip:217.196.26.154;User-Agent:Mozilla/5.0 (Windows NT 10.0; Win64; x64) AppleWebKit/537.36 (KHTML, like Gecko) Chrome/97.0.4692.99 Safari/537.36;Accept:text/html,application/xhtml+xml,application/xml;q=0.9,image/avif,image/webp,image/apng,*/*;q=0.8,application/signed-exchange;v=b3;q=0.9;', '2022-06-06 10:17:14'),
(3542, 1, '217.196.26.154', 'Windows NT 10.0; Win64; x64', 'Kazakhstan', 'Nur-Sultan', 'Nur-Sultan', '51.180099', '71.445976', '020000', '+06:00', 'Connection:close;Sec-Ch-Ua-Mobile:?0;Dnt:1;Sec-Fetch-Mode:navigate;Sec-Fetch-Dest:document;Accept-Language:ru-RU,ru;q=0.9;X-Real-Ip:217.196.26.154;Sec-Ch-Ua:\" Not;A Brand\";v=\"99\", \"Google Chrome\";v=\"97\", \"Chromium\";v=\"97\";Sec-Fetch-Site:cross-site;X-Forwarded-For:217.196.26.154;Sec-Ch-Ua-Platform:\"Windows\";Referer:http://localhost:4200/;Accept-Encoding:gzip, deflate, br;X-Forwarded-Proto:https;User-Agent:Mozilla/5.0 (Windows NT 10.0; Win64; x64) AppleWebKit/537.36 (KHTML, like Gecko) Chrome/97.0.4692.99 Safari/537.36;Accept:text/html,application/xhtml+xml,application/xml;q=0.9,image/avif,image/webp,image/apng,*/*;q=0.8,application/signed-exchange;v=b3;q=0.9;Sec-Fetch-User:?1;Upgrade-Insecure-Requests:1;', '2022-06-06 10:45:27'),
(3543, 1, '217.196.26.154', 'Windows NT 10.0; Win64; x64', 'Kazakhstan', 'Nur-Sultan', 'Nur-Sultan', '51.180099', '71.445976', '020000', '+06:00', 'Connection:close;Upgrade-Insecure-Requests:1;Sec-Fetch-Dest:document;X-Forwarded-Proto:https;Cache-Control:max-age=0;Sec-Ch-Ua-Platform:\"Windows\";Accept-Encoding:gzip, deflate, br;X-Forwarded-For:217.196.26.154;X-Real-Ip:217.196.26.154;Sec-Ch-Ua-Mobile:?0;Sec-Fetch-Site:none;Sec-Ch-Ua:\" Not A;Brand\";v=\"99\", \"Chromium\";v=\"101\", \"Opera\";v=\"87\";User-Agent:Mozilla/5.0 (Windows NT 10.0; Win64; x64) AppleWebKit/537.36 (KHTML, like Gecko) Chrome/101.0.4951.67 Safari/537.36 OPR/87.0.4390.45;Accept:text/html,application/xhtml+xml,application/xml;q=0.9,image/avif,image/webp,image/apng,*/*;q=0.8,application/signed-exchange;v=b3;q=0.9;Sec-Fetch-Mode:navigate;Sec-Fetch-User:?1;Accept-Language:ru-RU,ru;q=0.9,en-US;q=0.8,en;q=0.7;', '2022-06-06 11:32:46'),
(3549, 1, '217.196.26.154', 'Windows NT 10.0; Win64; x64', 'Kazakhstan', 'Nur-Sultan', 'Nur-Sultan', '51.180099', '71.445976', '020000', '+06:00', 'Upgrade-Insecure-Requests:1;Accept:text/html,application/xhtml+xml,application/xml;q=0.9,image/avif,image/webp,image/apng,*/*;q=0.8,application/signed-exchange;v=b3;q=0.9;Sec-Fetch-Mode:navigate;Sec-Fetch-Dest:document;Accept-Language:ru-RU,ru;q=0.9,en-US;q=0.8,en;q=0.7;Sec-Ch-Ua:\" Not A;Brand\";v=\"99\", \"Chromium\";v=\"101\", \"Opera\";v=\"87\";Cache-Control:max-age=0;Sec-Fetch-Site:none;Sec-Fetch-User:?1;Accept-Encoding:gzip, deflate, br;Connection:keep-alive;User-Agent:Mozilla/5.0 (Windows NT 10.0; Win64; x64) AppleWebKit/537.36 (KHTML, like Gecko) Chrome/101.0.4951.67 Safari/537.36 OPR/87.0.4390.45;Sec-Ch-Ua-Mobile:?0;Sec-Ch-Ua-Platform:\"Windows\";', '2022-06-06 14:32:36'),
(3550, 1, '217.196.26.154', 'Windows NT 10.0; Win64; x64', 'Kazakhstan', 'Nur-Sultan', 'Nur-Sultan', '51.180099', '71.445976', '020000', '+06:00', 'Accept-Language:ru-RU,ru;q=0.9,en-US;q=0.8,en;q=0.7;Sec-Ch-Ua:\" Not A;Brand\";v=\"99\", \"Chromium\";v=\"101\", \"Opera\";v=\"87\";Sec-Ch-Ua-Mobile:?0;Upgrade-Insecure-Requests:1;Sec-Fetch-Mode:navigate;Sec-Fetch-Site:none;Accept-Encoding:gzip, deflate, br;X-Forwarded-Proto:https;Connection:close;User-Agent:Mozilla/5.0 (Windows NT 10.0; Win64; x64) AppleWebKit/537.36 (KHTML, like Gecko) Chrome/101.0.4951.67 Safari/537.36 OPR/87.0.4390.45;X-Forwarded-For:217.196.26.154;X-Real-Ip:217.196.26.154;Sec-Fetch-Dest:document;Sec-Ch-Ua-Platform:\"Windows\";Accept:text/html,application/xhtml+xml,application/xml;q=0.9,image/avif,image/webp,image/apng,*/*;q=0.8,application/signed-exchange;v=b3;q=0.9;Sec-Fetch-User:?1;', '2022-06-06 14:51:59'),
(3551, 1, '217.196.26.154', 'Windows NT 10.0; Win64; x64', 'Kazakhstan', 'Nur-Sultan', 'Nur-Sultan', '51.180099', '71.445976', '020000', '+06:00', 'User-Agent:Mozilla/5.0 (Windows NT 10.0; Win64; x64) AppleWebKit/537.36 (KHTML, like Gecko) Chrome/101.0.4951.67 Safari/537.36 OPR/87.0.4390.45;Sec-Fetch-Mode:navigate;Sec-Fetch-User:?1;Sec-Ch-Ua:\" Not A;Brand\";v=\"99\", \"Chromium\";v=\"101\", \"Opera\";v=\"87\";Sec-Ch-Ua-Mobile:?0;Accept-Encoding:gzip, deflate, br;X-Forwarded-For:217.196.26.154;X-Forwarded-Proto:https;Accept:text/html,application/xhtml+xml,application/xml;q=0.9,image/avif,image/webp,image/apng,*/*;q=0.8,application/signed-exchange;v=b3;q=0.9;Sec-Fetch-Site:none;Sec-Fetch-Dest:document;Sec-Ch-Ua-Platform:\"Windows\";Upgrade-Insecure-Requests:1;Accept-Language:ru-RU,ru;q=0.9,en-US;q=0.8,en;q=0.7;X-Real-Ip:217.196.26.154;Connection:close;', '2022-06-06 14:54:15'),
(3552, 1, '217.196.26.154', 'Windows NT 10.0; Win64; x64', 'Kazakhstan', 'Nur-Sultan', 'Nur-Sultan', '51.180099', '71.445976', '020000', '+06:00', 'Accept-Encoding:gzip, deflate, br;Accept-Language:ru-RU,ru;q=0.9,en-US;q=0.8,en;q=0.7;Sec-Fetch-Dest:document;Accept:text/html,application/xhtml+xml,application/xml;q=0.9,image/avif,image/webp,image/apng,*/*;q=0.8,application/signed-exchange;v=b3;q=0.9;Sec-Fetch-Site:none;X-Forwarded-For:217.196.26.154;Sec-Ch-Ua:\" Not A;Brand\";v=\"99\", \"Chromium\";v=\"101\", \"Opera\";v=\"87\";Sec-Fetch-Mode:navigate;Sec-Ch-Ua-Mobile:?0;Sec-Ch-Ua-Platform:\"Windows\";Connection:close;Upgrade-Insecure-Requests:1;User-Agent:Mozilla/5.0 (Windows NT 10.0; Win64; x64) AppleWebKit/537.36 (KHTML, like Gecko) Chrome/101.0.4951.67 Safari/537.36 OPR/87.0.4390.45;Sec-Fetch-User:?1;X-Forwarded-Proto:https;X-Real-Ip:217.196.26.154;', '2022-06-06 14:55:10'),
(3553, 1, '217.196.26.154', 'Windows NT 10.0; Win64; x64', 'Kazakhstan', 'Nur-Sultan', 'Nur-Sultan', '51.180099', '71.445976', '020000', '+06:00', 'X-Forwarded-For:217.196.26.154;Connection:close;Sec-Ch-Ua-Platform:\"Windows\";Upgrade-Insecure-Requests:1;Accept-Encoding:gzip, deflate, br;X-Real-Ip:217.196.26.154;Sec-Ch-Ua-Mobile:?0;Sec-Fetch-Mode:navigate;Sec-Fetch-Dest:document;Accept-Language:ru-RU,ru;q=0.9,en-US;q=0.8,en;q=0.7;X-Forwarded-Proto:https;Sec-Ch-Ua:\" Not A;Brand\";v=\"99\", \"Chromium\";v=\"101\", \"Opera\";v=\"87\";User-Agent:Mozilla/5.0 (Windows NT 10.0; Win64; x64) AppleWebKit/537.36 (KHTML, like Gecko) Chrome/101.0.4951.67 Safari/537.36 OPR/87.0.4390.45;Accept:text/html,application/xhtml+xml,application/xml;q=0.9,image/avif,image/webp,image/apng,*/*;q=0.8,application/signed-exchange;v=b3;q=0.9;Sec-Fetch-Site:none;Sec-Fetch-User:?1;', '2022-06-06 14:55:54'),
(3554, 1, '217.196.26.154', 'Windows NT 10.0; Win64; x64', 'Kazakhstan', 'Nur-Sultan', 'Nur-Sultan', '51.180099', '71.445976', '020000', '+06:00', 'Sec-Ch-Ua:\" Not A;Brand\";v=\"99\", \"Chromium\";v=\"101\", \"Opera\";v=\"87\";X-Forwarded-For:217.196.26.154;User-Agent:Mozilla/5.0 (Windows NT 10.0; Win64; x64) AppleWebKit/537.36 (KHTML, like Gecko) Chrome/101.0.4951.67 Safari/537.36 OPR/87.0.4390.45;Sec-Ch-Ua-Platform:\"Windows\";X-Forwarded-Proto:https;Sec-Ch-Ua-Mobile:?0;Accept-Encoding:gzip, deflate, br;Sec-Fetch-Site:none;Connection:close;Upgrade-Insecure-Requests:1;Accept:text/html,application/xhtml+xml,application/xml;q=0.9,image/avif,image/webp,image/apng,*/*;q=0.8,application/signed-exchange;v=b3;q=0.9;Sec-Fetch-Mode:navigate;Sec-Fetch-User:?1;Sec-Fetch-Dest:document;Accept-Language:ru-RU,ru;q=0.9,en-US;q=0.8,en;q=0.7;X-Real-Ip:217.196.26.154;', '2022-06-06 14:56:21'),
(3555, 1, '2.135.55.98', 'Windows NT 10.0; Win64; x64', 'Kazakhstan', 'Nur-Sultan', 'Nur-Sultan', '51.180099', '71.445976', '020000', '+06:00', 'X-Real-Ip:2.135.55.98;Connection:close;Sec-Ch-Ua:\" Not;A Brand\";v=\"99\", \"Google Chrome\";v=\"97\", \"Chromium\";v=\"97\";Sec-Fetch-Site:cross-site;Referer:http://localhost:4200/;Accept-Encoding:gzip, deflate, br;X-Forwarded-Proto:https;Dnt:1;User-Agent:Mozilla/5.0 (Windows NT 10.0; Win64; x64) AppleWebKit/537.36 (KHTML, like Gecko) Chrome/97.0.4692.99 Safari/537.36;Sec-Fetch-Dest:document;Accept-Language:ru-RU,ru;q=0.9;X-Forwarded-For:2.135.55.98;Sec-Ch-Ua-Mobile:?0;Upgrade-Insecure-Requests:1;Sec-Fetch-User:?1;Sec-Ch-Ua-Platform:\"Windows\";Accept:text/html,application/xhtml+xml,application/xml;q=0.9,image/avif,image/webp,image/apng,*/*;q=0.8,application/signed-exchange;v=b3;q=0.9;Sec-Fetch-Mode:navigate;', '2022-06-07 14:40:53'),
(3556, 1, '2.135.55.98', 'Windows NT 10.0; Win64; x64', 'Kazakhstan', 'Nur-Sultan', 'Nur-Sultan', '51.180099', '71.445976', '020000', '+06:00', 'X-Real-Ip:2.135.55.98;Sec-Ch-Ua:\" Not;A Brand\";v=\"99\", \"Google Chrome\";v=\"97\", \"Chromium\";v=\"97\";Referer:http://localhost:4200/;X-Forwarded-Proto:https;Sec-Ch-Ua-Mobile:?0;Sec-Ch-Ua-Platform:\"Windows\";User-Agent:Mozilla/5.0 (Windows NT 10.0; Win64; x64) AppleWebKit/537.36 (KHTML, like Gecko) Chrome/97.0.4692.99 Safari/537.36;Sec-Fetch-Mode:navigate;X-Forwarded-For:2.135.55.98;Sec-Fetch-Site:cross-site;Sec-Fetch-Dest:document;Accept-Encoding:gzip, deflate, br;Accept-Language:ru-RU,ru;q=0.9;Dnt:1;Upgrade-Insecure-Requests:1;Accept:text/html,application/xhtml+xml,application/xml;q=0.9,image/avif,image/webp,image/apng,*/*;q=0.8,application/signed-exchange;v=b3;q=0.9;Sec-Fetch-User:?1;Connection:close;', '2022-06-08 10:00:10'),
(3557, 1, '2.135.55.98', 'Windows NT 10.0; Win64; x64', 'Kazakhstan', 'Nur-Sultan', 'Nur-Sultan', '51.180099', '71.445976', '020000', '+06:00', 'Connection:close;Sec-Ch-Ua:\" Not;A Brand\";v=\"99\", \"Google Chrome\";v=\"97\", \"Chromium\";v=\"97\";Accept:text/html,application/xhtml+xml,application/xml;q=0.9,image/avif,image/webp,image/apng,*/*;q=0.8,application/signed-exchange;v=b3;q=0.9;Sec-Fetch-Site:cross-site;Referer:http://localhost:4200/;X-Forwarded-For:2.135.55.98;X-Forwarded-Proto:https;Sec-Ch-Ua-Platform:\"Windows\";Upgrade-Insecure-Requests:1;User-Agent:Mozilla/5.0 (Windows NT 10.0; Win64; x64) AppleWebKit/537.36 (KHTML, like Gecko) Chrome/97.0.4692.99 Safari/537.36;Sec-Fetch-User:?1;Dnt:1;Sec-Fetch-Mode:navigate;Sec-Fetch-Dest:document;Accept-Language:ru-RU,ru;q=0.9;X-Real-Ip:2.135.55.98;Sec-Ch-Ua-Mobile:?0;Accept-Encoding:gzip, deflate, br;', '2022-06-08 10:33:48'),
(3558, 1, '2.135.55.98', 'Windows NT 10.0; Win64; x64', 'Kazakhstan', 'Nur-Sultan', 'Nur-Sultan', '51.180099', '71.445976', '020000', '+06:00', 'User-Agent:Mozilla/5.0 (Windows NT 10.0; Win64; x64) AppleWebKit/537.36 (KHTML, like Gecko) Chrome/97.0.4692.99 Safari/537.36;Sec-Fetch-Dest:document;Referer:http://localhost:4200/;Accept-Encoding:gzip, deflate, br;Accept-Language:ru-RU,ru;q=0.9;Sec-Ch-Ua:\" Not;A Brand\";v=\"99\", \"Google Chrome\";v=\"97\", \"Chromium\";v=\"97\";Sec-Ch-Ua-Platform:\"Windows\";Upgrade-Insecure-Requests:1;Sec-Fetch-Site:cross-site;Sec-Fetch-Mode:navigate;Sec-Fetch-User:?1;X-Real-Ip:2.135.55.98;Connection:close;Sec-Ch-Ua-Mobile:?0;X-Forwarded-Proto:https;Accept:text/html,application/xhtml+xml,application/xml;q=0.9,image/avif,image/webp,image/apng,*/*;q=0.8,application/signed-exchange;v=b3;q=0.9;X-Forwarded-For:2.135.55.98;Dnt:1;', '2022-06-08 10:33:53'),
(3559, 14, '2.135.55.98', 'Windows NT 10.0; Win64; x64', 'Kazakhstan', 'Nur-Sultan', 'Nur-Sultan', '51.180099', '71.445976', '020000', '+06:00', 'Connection:close;Sec-Fetch-User:?1;Accept-Language:ru-RU,ru;q=0.9;X-Forwarded-For:2.135.55.98;Sec-Ch-Ua-Platform:\"Windows\";Accept:text/html,application/xhtml+xml,application/xml;q=0.9,image/avif,image/webp,image/apng,*/*;q=0.8,application/signed-exchange;v=b3;q=0.9;Referer:http://localhost:4200/;X-Real-Ip:2.135.55.98;Dnt:1;Sec-Fetch-Mode:navigate;Accept-Encoding:gzip, deflate, br;X-Forwarded-Proto:https;Sec-Ch-Ua:\" Not;A Brand\";v=\"99\", \"Google Chrome\";v=\"97\", \"Chromium\";v=\"97\";Sec-Ch-Ua-Mobile:?0;Upgrade-Insecure-Requests:1;User-Agent:Mozilla/5.0 (Windows NT 10.0; Win64; x64) AppleWebKit/537.36 (KHTML, like Gecko) Chrome/97.0.4692.99 Safari/537.36;Sec-Fetch-Site:cross-site;Sec-Fetch-Dest:document;', '2022-06-08 10:34:09'),
(3560, 1, '107.189.30.136', 'Linux; Android 10; MI 9', 'Luxembourg', 'Luxembourg', 'Luxembourg', '49.611671', '6.130000', 'L-8154', '+02:00', 'Sec-Fetch-User:?1;X-Forwarded-For:107.189.30.136;Dnt:1;User-Agent:Mozilla/5.0 (Linux; Android 10; MI 9) AppleWebKit/537.36 (KHTML, like Gecko) Chrome/81.0.4044.117 Mobile Safari/537.36;Sec-Fetch-Site:none;Sec-Fetch-Mode:navigate;Upgrade-Insecure-Requests:1;Accept:text/html,application/xhtml+xml,application/xml;q=0.9,image/webp,image/apng,*/*;q=0.8,application/signed-exchange;v=b3;q=0.9;Sec-Fetch-Dest:document;Accept-Language:ru-RU,ru;q=0.9,en-US;q=0.8,en;q=0.7;X-Forwarded-Proto:https;X-Real-Ip:107.189.30.136;Connection:close;Accept-Encoding:gzip, deflate, br;', '2022-06-09 16:25:02');

-- --------------------------------------------------------

--
-- Структура таблицы `users`
--

CREATE TABLE `users` (
  `id` int(11) NOT NULL,
  `login` varchar(20) NOT NULL,
  `password` text NOT NULL,
  `phone` varchar(20) NOT NULL,
  `email` varchar(255) NOT NULL DEFAULT '',
  `name` varchar(255) NOT NULL DEFAULT '',
  `surname` varchar(255) NOT NULL DEFAULT '',
  `photoUrl` varchar(255) NOT NULL DEFAULT '',
  `verified` tinyint(1) NOT NULL,
  `createdTime` timestamp NOT NULL DEFAULT CURRENT_TIMESTAMP
) ENGINE=InnoDB DEFAULT CHARSET=utf8;

--
-- Дамп данных таблицы `users`
--

INSERT INTO `users` (`id`, `login`, `password`, `phone`, `email`, `name`, `surname`, `photoUrl`, `verified`, `createdTime`) VALUES
(1, 'aitbek', '$2a$10$IFFjw2XVBOwmDEOnQe7gTON7Zb1VmxyG1MTglGbMHaBqpAQ4q1Gt6', '+77055837554', 'aitbek.ayaganov@gmail.com', 'Aitbek', 'Ayaganov', '/uploads/1963904839-logo.png', 1, '2022-04-02 12:45:12'),
(2, 'alibek', '$2a$10$nKwi40flugfEYs6xfrCpluHC2MC38ihZ7Ub82tRJGfk4pitr2dF3K', '+77029995915', '', 'Alibek', 'Zhumagaliyev', '0', 1, '2022-04-11 19:44:37'),
(8, 'galabek', '$2a$10$w1iWY/60XlO/5Em47xQD/Oh32qyD5DBjct3a87XBM.pD1kn8npGBa', '87779925667', '', '', '', '0', 1, '2022-06-05 13:03:41');

--
-- Индексы сохранённых таблиц
--

--
-- Индексы таблицы `apitokens`
--
ALTER TABLE `apitokens`
  ADD PRIMARY KEY (`id`),
  ADD KEY `userId` (`userId`);

--
-- Индексы таблицы `links`
--
ALTER TABLE `links`
  ADD PRIMARY KEY (`id`);

--
-- Индексы таблицы `links_users`
--
ALTER TABLE `links_users`
  ADD PRIMARY KEY (`id`),
  ADD KEY `FK_LinksUsers_Users` (`userId`),
  ADD KEY `FK_LinksUsers_Links` (`linkId`);

--
-- Индексы таблицы `requests`
--
ALTER TABLE `requests`
  ADD PRIMARY KEY (`id`),
  ADD KEY `FK_RequestLink` (`linkId`);

--
-- Индексы таблицы `users`
--
ALTER TABLE `users`
  ADD PRIMARY KEY (`id`);

--
-- AUTO_INCREMENT для сохранённых таблиц
--

--
-- AUTO_INCREMENT для таблицы `apitokens`
--
ALTER TABLE `apitokens`
  MODIFY `id` int(11) NOT NULL AUTO_INCREMENT, AUTO_INCREMENT=15;

--
-- AUTO_INCREMENT для таблицы `links`
--
ALTER TABLE `links`
  MODIFY `id` int(11) NOT NULL AUTO_INCREMENT, AUTO_INCREMENT=15;

--
-- AUTO_INCREMENT для таблицы `links_users`
--
ALTER TABLE `links_users`
  MODIFY `id` int(11) NOT NULL AUTO_INCREMENT, AUTO_INCREMENT=21;

--
-- AUTO_INCREMENT для таблицы `requests`
--
ALTER TABLE `requests`
  MODIFY `id` int(11) NOT NULL AUTO_INCREMENT, AUTO_INCREMENT=3561;

--
-- AUTO_INCREMENT для таблицы `users`
--
ALTER TABLE `users`
  MODIFY `id` int(11) NOT NULL AUTO_INCREMENT, AUTO_INCREMENT=9;

--
-- Ограничения внешнего ключа сохраненных таблиц
--

--
-- Ограничения внешнего ключа таблицы `apitokens`
--
ALTER TABLE `apitokens`
  ADD CONSTRAINT `apitokens_ibfk_1` FOREIGN KEY (`userId`) REFERENCES `users` (`id`);

--
-- Ограничения внешнего ключа таблицы `links_users`
--
ALTER TABLE `links_users`
  ADD CONSTRAINT `FK_LinksUsers_Links` FOREIGN KEY (`linkId`) REFERENCES `links` (`id`),
  ADD CONSTRAINT `FK_LinksUsers_Users` FOREIGN KEY (`userId`) REFERENCES `users` (`id`);

--
-- Ограничения внешнего ключа таблицы `requests`
--
ALTER TABLE `requests`
  ADD CONSTRAINT `FK_RequestLink` FOREIGN KEY (`linkId`) REFERENCES `links` (`id`);
COMMIT;

/*!40101 SET CHARACTER_SET_CLIENT=@OLD_CHARACTER_SET_CLIENT */;
/*!40101 SET CHARACTER_SET_RESULTS=@OLD_CHARACTER_SET_RESULTS */;
/*!40101 SET COLLATION_CONNECTION=@OLD_COLLATION_CONNECTION */;
